"id","topics","media_type","images","familyid","region","country","slug","income","topic"
"5fd04344f2d9500e435923b7","washing-clothes","video","https://media.dollarstreet.org/5d4beecfcf0b3a0f3f352142/5d4beecfcf0b3a0f3f352142_2048.jpg","5d4bddc5cf0b3a0f3f335977","Asia","Philippines","family-83","193.8785291","families"
"63436dc3374978909a8b7c75","visit","video","https://media.dollarstreet.org/5d4be9cfcf0b3a0f3f349514/5d4be9cfcf0b3a0f3f349514_2048.jpg","5d4bddc0cf0b3a0f3f33591a","Asia","Jordan","family-171","583","families"
"62ef534660e97c71dc37123e","visit","video","https://media.dollarstreet.org/5d4be93fcf0b3a0f3f34844e/5d4be93fcf0b3a0f3f34844e_2048.jpg","5d4bddbfcf0b3a0f3f335916","Europe","Ukraine","family-172","10090","families"
"63d3151fcf65f9248e4a2eba","visit","video","https://media.dollarstreet.org/5d4bf202cf0b3a0f3f357848/5d4bf202cf0b3a0f3f357848_2048.jpg","5d4bddcacf0b3a0f3f3359b7","The Americas","Haiti","family-66","38.9741533","families"
"5ffe0b71977f6bbab066a911","visit","video","https://media.dollarstreet.org/5d4be4e5cf0b3a0f3f340eca/5d4be4e5cf0b3a0f3f340eca_2048.jpg","5d4bddb9cf0b3a0f3f3358b3","Africa","Cameroon","family-240","174","families"
"5fd04cbaf2d9500e43596224","washing-clothes","video","https://media.dollarstreet.org/5d4be967cf0b3a0f3f3488fa/5d4be967cf0b3a0f3f3488fa_2048.jpg","5d4bddbfcf0b3a0f3f335917","Europe","Ukraine","family-173","694","families"
"5fd047a0f2d9500e435941d6","washing-clothes","video","https://media.dollarstreet.org/5d4be61ccf0b3a0f3f343131/5d4be61ccf0b3a0f3f343131_2048.jpg","5d4bddbacf0b3a0f3f3358c4","Africa","South Africa","family-230","3755","families"
"5fd22854955d2f758665bb7a","washing-clothes","video","https://media.dollarstreet.org/5fd22854955d2f758665bb7a/260f472bd587f2ff6dcf5bba9fb9f607/previews/2048_01.jpg","5d4bddc0cf0b3a0f3f335923","Asia","India","family-169","30.68690172","families"
"63d9ac934707e57d8f6cd9ff","visit","video","https://media.dollarstreet.org/5d4bec6ccf0b3a0f3f34de84/5d4bec6ccf0b3a0f3f34de84_2048.jpg","5d4bddc2cf0b3a0f3f33593f","The Americas","Bolivia","family-148","180","families"
"5fd03219f2d9500e4358b66f","washing-clothes","video","https://media.dollarstreet.org/5ec4fa39f0611d7ddd741e0f/5ec4fa39f0611d7ddd741e0f_2048.JPG","5ec3d7d8c099baca67d0a51a","Africa","Ethiopia","family-374","623","families"
"5fd02fd1f2d9500e4358a84b","visit","video","https://media.dollarstreet.org/5ec4f60cf4a4fb7dc0387c53/5ec4f60cf4a4fb7dc0387c53_2048.JPG","5ec3d7d3c099baca67d0a4cc","The Americas","Colombia","family-422","6030","families"
"5fd04486f2d9500e43592cd0","washing-clothes","video","https://media.dollarstreet.org/5d4be732cf0b3a0f3f34502a/5d4be732cf0b3a0f3f34502a.jpg","5d4bddbccf0b3a0f3f3358db","Europe","Romania","family-213","162.7946519","families"
"5fd0440df2d9500e435929b5","washing-clothes","video","https://media.dollarstreet.org/5d4beea7cf0b3a0f3f351cac/5d4beea7cf0b3a0f3f351cac_2048.jpg","5d4bddc5cf0b3a0f3f335970","Asia","Philippines","family-116","170.2173637","families"
"5fd02cefa8444d0db97b4683","washing-clothes","video","https://media.dollarstreet.org/5ec4fb3cf0611d7ddd74266c/5ec4fb3cf0611d7ddd74266c_2048. Lavando ropa","5ec3d7dac099baca67d0a531","The Americas","Colombia","family-360","654","families"
"6362dc773749787c048bf37e","visit","video","https://media.dollarstreet.org/5d4be989cf0b3a0f3f348cd6/5d4be989cf0b3a0f3f348cd6_2048.jpg","5d4bddbfcf0b3a0f3f335918","Asia","Jordan","family-179","7433.155246","families"
"62d6a37931da6310247121c5","visit","video","https://media.dollarstreet.org/5d4bf369cf0b3a0f3f359fa0/5d4bf369cf0b3a0f3f359fa0_2048.jpg","5d4bddcccf0b3a0f3f3359d8","Africa","Burkina Faso","family-17","44.71243293","families"
"5fd03319f2d9500e4358bd12","washing-clothes","video","https://media.dollarstreet.org/5fd03319f2d9500e4358bd12/71dda02a514a7e3ac303281b81024695/previews/2048_01.jpg","5ec3d7d9c099baca67d0a52c","Africa","Ghana","family-363","213","families"
"6095d002a7a9dad87d80c90e","visit","video","https://media.dollarstreet.org/6095d002a7a9dad87d80c90e/a8dbfcccfdf6eb8817b48223425ab370/previews/2048_01.jpg","5d4bddbccf0b3a0f3f3358e4","Asia","Myanmar","family-205","591.4251925","families"
"5fd22a15955d2f758665c66b","washing-clothes","video","https://media.dollarstreet.org/5ec4f930f0611d7ddd74153c/5ec4f930f0611d7ddd74153c_2048.jpg","5ec3d7d6c099baca67d0a4fa","Europe","Spain","family-391","7639","families"
"5fd03379f2d9500e4358bf83","washing-clothes","video","https://media.dollarstreet.org/5d4bf1e7cf0b3a0f3f357522/5d4bf1e7cf0b3a0f3f357522_2048.jpg","5d4bddcacf0b3a0f3f3359b6","The Americas","Haiti","family-52","43","families"
"5fd229c3955d2f758665c413","washing-clothes","video","https://media.dollarstreet.org/5d4bdfa5cf0b3a0f3f337fbf/5d4bdfa5cf0b3a0f3f337fbf_2048.JPG","5d4bddb4cf0b3a0f3f33585d","The Americas","Peru","family-309","180","families"
"5fd0446cf2d9500e43592c72","visit","video","https://media.dollarstreet.org/5d4be8d7cf0b3a0f3f347838/5d4be8d7cf0b3a0f3f347838_2048.jpg","5d4bddbfcf0b3a0f3f335912","Europe","Romania","family-175","721.6929942","families"
"5fd0301ff2d9500e4358a96b","visit","video","https://media.dollarstreet.org/5f85a29bc4b8ff0784915fa1/5f85a29bc4b8ff0784915fa1_2048.jpg","5f84c7e3866b830e54e0d356","The Americas","Colombia","family-1","4275","families"
"5fd03405f2d9500e4358c379","washing-clothes","video","https://media.dollarstreet.org/5d4beaa0cf0b3a0f3f34ac84/5d4beaa0cf0b3a0f3f34ac84_2048.jpg","5d4bddc0cf0b3a0f3f335921","Asia","India","family-166","29.03138712","families"
"5fd04380f2d9500e4359256b","washing-clothes","video","https://media.dollarstreet.org/5d4bee71cf0b3a0f3f35166e/5d4bee71cf0b3a0f3f35166e_2048.jpg","5d4bddc5cf0b3a0f3f335969","Asia","Philippines","family-82","169.3261394","families"
"610c2e1340ffc73b24a78a54","visit","video","https://media.dollarstreet.org/610c2e1340ffc73b24a78a54/90c70617ab0d749e45231f659a18ca25/previews/2048_01.jpg","5ec3d7d7c099baca67d0a500","Africa","Cameroon","family-385","745","families"
"5fd03679f2d9500e4358d3d4","washing-clothes","video","https://media.dollarstreet.org/5d4be113cf0b3a0f3f33a685/5d4be113cf0b3a0f3f33a685.jpg","5d4bddb6cf0b3a0f3f335882","Asia","India","family-278","6606","families"
"5fd028e21f89a90d2a769a5b","washing-clothes","video","https://media.dollarstreet.org/5d4bf33fcf0b3a0f3f359be0/5d4bf33fcf0b3a0f3f359be0_2048.jpg","5d4bddcccf0b3a0f3f3359d7","Africa","Burundi","family-16","40.19755831","families"
"63d402a3cf65f944334a3259","visit","video","https://media.dollarstreet.org/5d4bedbdcf0b3a0f3f3502cc/5d4bedbdcf0b3a0f3f3502cc_2048.jpg","5d4bddc4cf0b3a0f3f335955","Africa","Tunisia","family-132","201","families"
"5fd027931f89a90d2a7691a8","washing-clothes","video","https://media.dollarstreet.org/5d4be195cf0b3a0f3f33b4a3/5d4be195cf0b3a0f3f33b4a3_2048.jpg","5d4bddb7cf0b3a0f3f335892","The Americas","Brazil","family-266","685","families"
"609193f93c22f770b860bacb","visit","video","https://media.dollarstreet.org/6057bb7aa1ce966701cfb2ba/a1bb651322b009c471db60ccdf2c1194/6057bb7aa1ce966701cfb2ba_2048.jpg","6057947e9d5f3b204a8373c5","Europe","Denmark","family-440","5343","families"
"646544767f0d9cb484185421","visit","video","https://media.dollarstreet.org/5d4bf221cf0b3a0f3f357be8/5d4bf221cf0b3a0f3f357be8_2048.jpg","5d4bddcacf0b3a0f3f3359b8","The Americas","Haiti","family-51","50.7","families"
"65aeca70e95e24606a565419","visit","video","https://media.dollarstreet.org/65a193a1d61ce6084bd64629/30158612cee848b1f17604178d1bae66/65a193a1d61ce6084bd64629.jpeg","65a191d9d61ce6b4f9d644f1","The Americas","Colombia","family-479","250","families"
"62f287ad60e97cb1dd37dac9","visit","video","https://media.dollarstreet.org/62f287ad60e97cb1dd37dac9/147accc126307232e1dd786b8d366569/previews/2048_01.jpg","5d4bddc0cf0b3a0f3f33591d","Asia","India","family-167","1050","families"
"5fd026571f89a90d2a768b22","washing-clothes","video","https://media.dollarstreet.org/5d4be1f7cf0b3a0f3f33be61/5d4be1f7cf0b3a0f3f33be61_2048.jpg","5d4bddb8cf0b3a0f3f33589b","The Americas","Brazil","family-257","3916","families"
"5fd0342bf2d9500e4358c4ad","washing-clothes","video","https://media.dollarstreet.org/5fd0342bf2d9500e4358c4ad/705c0905a7edda6d8b81a32c918a518e/previews/2048_01.jpg","5d4bddc0cf0b3a0f3f335920","Asia","India","family-165","49","families"
"5fd033e3f2d9500e4358c283","washing-clothes","video","https://media.dollarstreet.org/5fd033e3f2d9500e4358c283/2c163b76e0a02da40267eaf009cecea0/previews/2048_01.jpg","5d4bddc0cf0b3a0f3f335922","Asia","India","family-164","170","families"
"625e4412af042b666b5ece13","visit","video","https://media.dollarstreet.org/5ee63a8112a0225fa289f31e/5ee63a8112a0225fa289f31e_2048.jpg","5ee62e6312a02247d189e336","Europe","France","family-429","1036","families"
"5fd0385ef2d9500e4358dfca","washing-clothes","video","https://media.dollarstreet.org/5ec4f953f0611d7ddd741667/5ec4f953f0611d7ddd741667_2048.JPG","5ec3d7d8c099baca67d0a515","Asia","India","family-377","5795","families"
"5fd029271f89a90d2a769beb","washing-clothes","video","https://media.dollarstreet.org/5d4bf330cf0b3a0f3f359a2c/5d4bf330cf0b3a0f3f359a2c_2048.jpg","5d4bddcccf0b3a0f3f3359d6","Africa","Burundi","family-18","28.5","families"
"63d7f6884707e5bf1f6cc6fa","visit","video","https://media.dollarstreet.org/5d4beda6cf0b3a0f3f34fffc/5d4beda6cf0b3a0f3f34fffc_2048.jpg","5d4bddc3cf0b3a0f3f335954","Africa","Tunisia","family-142","209.1016534","families"
"5fd0482df2d9500e435944f6","washing-clothes","video","https://dollarstreet-imgix.imgix.net/origin-file-format-c880de51-2b6e-4da3-8d66-6af512bbbc7f.jpg?w=2048","5d4bddb8cf0b3a0f3f3358a1","Africa","South Africa","family-252","751","families"
"5fd03195f2d9500e4358b293","washing-clothes","video","https://media.dollarstreet.org/5ec4fa6ef0611d7ddd741f94/5ec4fa6ef0611d7ddd741f94_2048.JPG","5ec3d7d8c099baca67d0a51e","Europe","Czech Republic","family-371","5237","families"
"5fd026381f89a90d2a768a90","washing-clothes","video","https://media.dollarstreet.org/5ec4f967f0611d7ddd741717/5ec4f967f0611d7ddd741717.jpg","5ec3d7d8c099baca67d0a513","The Americas","Brazil","family-378","142","families"
"6267b4b176034e2c51a36141","visit","video","https://media.dollarstreet.org/6264a7de9a015875a29451a3/5662c246ee6427183386b008b321fc4f/6264a7de9a015875a29451a3_2048.jpg","62649c9e9a01580eb0945080","The Americas","Colombia","family-446","232","families"
"61a0204952916c08bf65d63a","visit","video","https://media.dollarstreet.org/61a0204952916c08bf65d63a/9d96431927638755f23d6d5f204f2ec5/previews/2048_01.jpg","619e47ce6a0f8b3880a265a4","The Americas","Colombia","family-2","750","families"
"65c26f69c122d580f8e627d0","visit","video","https://media.dollarstreet.org/65c24eabc122d521a6e62558/f7b3520cb295f8de45fadce4e404dee8/65c24eabc122d521a6e62558_2048.jpg","65c14e84e3ec30a9f4653266","The Americas","United States","family-480","3869","families"
"6334c0ec374978ec198b4387","visit","video","https://media.dollarstreet.org/5d4be75bcf0b3a0f3f3454ca/5d4be75bcf0b3a0f3f3454ca_2048.jpg","5d4bddbccf0b3a0f3f3358e2","Asia","Myanmar","family-201","45.18678511","families"
"5fd022fa7c803b0c784a062c","washing-clothes","video","https://media.dollarstreet.org/5d4be790cf0b3a0f3f345ad6/5d4be790cf0b3a0f3f345ad6_2048.jpg","5d4bddbdcf0b3a0f3f3358eb","Asia","Bangladesh","family-197","175","families"
"6093c6afe2f63f31439aac1e","visit","video","https://media.dollarstreet.org/5d4be310cf0b3a0f3f33dac9/5d4be310cf0b3a0f3f33dac9.jpg","5d4bddbacf0b3a0f3f3358bf","Asia","India","family-233","1125","families"
"5fd03827f2d9500e4358de4a","visit","video","https://media.dollarstreet.org/5d4be0abcf0b3a0f3f339a6f/5d4be0abcf0b3a0f3f339a6f_2048.jpg","5d4bddb5cf0b3a0f3f335873","Asia","India","family-286","5621","families"
"63bf3eb0cf65f972ec49a49b","visit","video","https://media.dollarstreet.org/63bf3eb0cf65f972ec49a49b/0477b2dc6951091cfe67505b966d2a5c/previews/2048_01.jpg","5d4bddcbcf0b3a0f3f3359d5","Africa","Burundi","family-23","26.99458113","families"
"5fd22a21955d2f758665c6c0","washing-clothes","video","https://media.dollarstreet.org/5d4bed4ecf0b3a0f3f34f5d2/5d4bed4ecf0b3a0f3f34f5d2_2048.jpg","5d4bddc3cf0b3a0f3f335951","Africa","Tunisia","family-143","217.7652817","families"
"5fd045bbf2d9500e4359355c","washing-clothes","video","https://media.dollarstreet.org/5d4bdf98cf0b3a0f3f337e61/5d4bdf98cf0b3a0f3f337e61_2048.jpg","5d4bddb3cf0b3a0f3f33585b","Europe","Serbia","family-311","1193","families"
"5fd04932f2d9500e43594c09","washing-clothes","video","https://media.dollarstreet.org/5ec4f922f0611d7ddd7414c5/5ec4f922f0611d7ddd7414c5_2048.jpg","5ec3d7d6c099baca67d0a4f9","Europe","Spain","family-392","4256","families"
"631917d33749785f3d8b1828","visit","video","https://media.dollarstreet.org/5d4bf48dcf0b3a0f3f35bd1a/5d4bf48dcf0b3a0f3f35bd1a_2048.jpg","5d4bddcdcf0b3a0f3f3359e5","The Americas","Colombia","family-3","122.723035","families"
"5fd025ec04167a0cab36b55a","washing-clothes","video","https://media.dollarstreet.org/5ec4fa8ef0611d7ddd7420b0/5ec4fa8ef0611d7ddd7420b0_2048.jpg","5ec3d7d9c099baca67d0a521","The Americas","Brazil","family-370","284","families"
"62df141431da6347f2715e48","visit","video","https://media.dollarstreet.org/62df141431da6347f2715e48/86d3c10900e4ed569e96d80c77720857/previews/2048_01.jpg","5f21c75b7c73730199bc6698","Africa","Ethiopia","family-388","872","families"
"5fd21968bdf7185f607a35ea","washing-clothes","video","https://media.dollarstreet.org/5ec4fb92f0611d7ddd742947/5ec4fb92f0611d7ddd742947_2048. Lavando Ropa","5ec3d7dbc099baca67d0a539","The Americas","Colombia","family-355","3748","families"
"5fd03e23f2d9500e435905a2","washing-clothes","video","https://media.dollarstreet.org/5d4be6f3cf0b3a0f3f3449be/5d4be6f3cf0b3a0f3f3449be_2048.jpg","5d4bddbccf0b3a0f3f3358e0","Asia","Myanmar","family-204","47.26557532","families"
"5fd03e40f2d9500e43590675","washing-clothes","video","https://media.dollarstreet.org/5d4be74dcf0b3a0f3f34532e/5d4be74dcf0b3a0f3f34532e_2048.jpg","5d4bddbccf0b3a0f3f3358df","Asia","Myanmar","family-210","195","families"
"5fd02f7af2d9500e4358a712","visit","video","https://media.dollarstreet.org/5ec4f75ff0611d7ddd740581/5ec4f75ff0611d7ddd740581.png","5ec3d7d3c099baca67d0a4d2","The Americas","Colombia","family-419","722","families"
"5fd03715f2d9500e4358d76d","washing-clothes","video","https://media.dollarstreet.org/5d4be0eecf0b3a0f3f33a235/5d4be0eecf0b3a0f3f33a235.jpg","5d4bddb6cf0b3a0f3f33587d","Asia","India","family-281","4732","families"
"5fd03c74f2d9500e4358f9f5","washing-clothes","video","https://media.dollarstreet.org/5d4bf044cf0b3a0f3f354a50/5d4bf044cf0b3a0f3f354a50_2048.jpg","5d4bddc7cf0b3a0f3f335996","Africa","Malawi","family-78","38.5737255","families"
"5fd029e4a8444d0db97b3828","visit","video","https://media.dollarstreet.org/5d4be400cf0b3a0f3f33f510/5d4be400cf0b3a0f3f33f510_2048.jpg","5d4bddb9cf0b3a0f3f3358aa","Africa","Cameroon","family-247","227","families"
"5fd02be8a8444d0db97b4066","visit","video","https://media.dollarstreet.org/5d4be64acf0b3a0f3f343673/5d4be64acf0b3a0f3f343673_2048.JPG","5d4bddbacf0b3a0f3f3358ca","Asia","China","family-226","1278","families"
"5fd049c5f2d9500e43595088","washing-clothes","video","https://media.dollarstreet.org/5ec4f8f7f0611d7ddd74135f/5ec4f8f7f0611d7ddd74135f_2048.jpg","5ec3d7d6c099baca67d0a4f6","Europe","Spain","family-395","4253","families"
"632666ae374978ee2e8b2239","visit","video","https://media.dollarstreet.org/5d4bf279cf0b3a0f3f3584e4/5d4bf279cf0b3a0f3f3584e4_2048.jpg","5d4bddcacf0b3a0f3f3359be","The Americas","Colombia","family-25","144.688254","families"
"5fd0334ff2d9500e4358be69","washing-clothes","video","https://media.dollarstreet.org/5fd0334ff2d9500e4358be69/755aee186222fc6d2dddae7a154cbbdf/previews/2048_01.jpg","5ec3d7d5c099baca67d0a4ef","The Americas","Guatemala","family-402","270","families"
"5fd040f8f2d9500e43591672","visit","video","https://media.dollarstreet.org/5d4be030cf0b3a0f3f338c84/5d4be030cf0b3a0f3f338c84.JPG","5d4bddb5cf0b3a0f3f33586b","Europe","Netherlands","family-298","1260","families"
"5fd030b8f2d9500e4358acc5","washing-clothes","video","https://media.dollarstreet.org/5ec4fbb2f0611d7ddd742a4f/5ec4fbb2f0611d7ddd742a4f. Lavando Ropa","5ec3d7dbc099baca67d0a53a","The Americas","Colombia","family-354","3407","families"
"5fd2299f955d2f758665c335","washing-clothes","video","https://media.dollarstreet.org/5d4bef69cf0b3a0f3f353330/5d4bef69cf0b3a0f3f353330_2048.jpg","5d4bddc6cf0b3a0f3f335986","Asia","Nepal","family-123","84.23636022","families"
"6175c711e83132ce8b6568c7","visit","video","https://media.dollarstreet.org/5d4bef6fcf0b3a0f3f3533ec/5d4bef6fcf0b3a0f3f3533ec_2048.jpg","5d4bddc7cf0b3a0f3f335987","Asia","Nepal","family-88","201.0990882","families"
"5fd031def2d9500e4358b487","visit","video","https://media.dollarstreet.org/5d4be22dcf0b3a0f3f33c44d/5d4be22dcf0b3a0f3f33c44d_2048.JPG","5d4bddb8cf0b3a0f3f33589e","Africa","Egypt","family-255","1610","families"
"5fd03ec5f2d9500e43590a5c","washing-clothes","video","https://media.dollarstreet.org/5d4bef63cf0b3a0f3f353280/5d4bef63cf0b3a0f3f353280_2048.jpg","5d4bddc6cf0b3a0f3f335985","Asia","Nepal","family-112","3829.191091","families"
"63926762cf65f9e30b493125","visit","video","https://media.dollarstreet.org/5d4befd4cf0b3a0f3f353e94/5d4befd4cf0b3a0f3f353e94_2048.jpg","5d4bddc7cf0b3a0f3f335991","Africa","Malawi","family-118","30.18442535","families"
"5fd04869f2d9500e43594635","washing-clothes","video","https://media.dollarstreet.org/5d4bdf56cf0b3a0f3f3377cf/5d4bdf56cf0b3a0f3f3377cf_2048. washing clothes","5d4bddb3cf0b3a0f3f335852","Africa","South Africa","family-320","332","families"
"5fd02d3da8444d0db97b48b1","washing-clothes","video","https://media.dollarstreet.org/5ec4fb36f0611d7ddd742632/5ec4fb36f0611d7ddd742632_2048.JPG","5ec3d7dac099baca67d0a530","The Americas","Colombia","family-361","824","families"
"5fd03a49f2d9500e4358eb52","washing-clothes","video","https://media.dollarstreet.org/5fd03a49f2d9500e4358eb52/d302aed31fd0cc1d0fa8a637d88ff7e6/previews/2048_01.jpg","5d4bddb1cf0b3a0f3f335830","Europe","Italy","family-347","4018","families"
"5fd02f33f2d9500e4358a606","washing-clothes","video","https://media.dollarstreet.org/5d4bf250cf0b3a0f3f35810e/5d4bf250cf0b3a0f3f35810e_2048.jpg","5d4bddcacf0b3a0f3f3359bd","The Americas","Colombia","family-24","143","families"
"63c0a535cf65f9945049c829","visit","video","https://media.dollarstreet.org/5d4bf3facf0b3a0f3f35ae08/5d4bf3facf0b3a0f3f35ae08_2048.jpg","5d4bddcccf0b3a0f3f3359de","The Americas","Bolivia","family-12","264.9009279","families"
"5fd2289b955d2f758665bd04","washing-clothes","video","https://media.dollarstreet.org/5d4be336cf0b3a0f3f33de99/5d4be336cf0b3a0f3f33de99.jpg","5d4bddbacf0b3a0f3f3358bd","Asia","India","family-235","1458","families"
"5fd026ef1f89a90d2a768e15","visit","video","https://media.dollarstreet.org/5d4be1b8cf0b3a0f3f33b88f/5d4be1b8cf0b3a0f3f33b88f_2048.jpg","5d4bddb8cf0b3a0f3f335897","The Americas","Brazil","family-261","3356","families"
"5fd043a7f2d9500e43592698","washing-clothes","video","https://media.dollarstreet.org/5d4beec8cf0b3a0f3f35206c/5d4beec8cf0b3a0f3f35206c_2048.jpg","5d4bddc5cf0b3a0f3f335976","Asia","Philippines","family-103","93.09673789","families"
"5fd043c9f2d9500e435927af","washing-clothes","video","https://media.dollarstreet.org/5d4beeb4cf0b3a0f3f351e1c/5d4beeb4cf0b3a0f3f351e1c_2048.jpg","5d4bddc5cf0b3a0f3f335973","Asia","Philippines","family-114","237.6572505","families"
"63c5db8ccf65f918de49fea4","visit","video","https://media.dollarstreet.org/63c5db8ccf65f918de49fea4/3cf2e355f7e9f5c3b09d88a24c2c809c/previews/2048_01.jpg","5ec3d7d9c099baca67d0a529","Europe","Russia","family-365","1385","families"
"5fd035e9f2d9500e4358d035","visit","video","https://media.dollarstreet.org/5d4be120cf0b3a0f3f33a80f/5d4be120cf0b3a0f3f33a80f. washing clothes","5d4bddb6cf0b3a0f3f335884","Asia","India","family-276","3715","families"
"5fd0418af2d9500e435919ba","washing-clothes","video","https://media.dollarstreet.org/5fd0418af2d9500e435919ba/88330162176e100a89192cdf65dde7b3/previews/2048_01.jpg","5d4bddc6cf0b3a0f3f33597c","Africa","Nigeria","family-89","41","families"
"5fd04b8df2d9500e43595a2f","washing-clothes","video","https://media.dollarstreet.org/5d4bdf32cf0b3a0f3f33745b/5d4bdf32cf0b3a0f3f33745b_2048.JPG","5d4bddb3cf0b3a0f3f33584e","Africa","Togo","family-324","321","families"
"5fd027581f89a90d2a769085","washing-clothes","video","https://media.dollarstreet.org/5fd027581f89a90d2a769085/e18c96c7217ddaadfa21726e5c49819b/previews/2048_01.jpg","5d4bddb7cf0b3a0f3f335893","The Americas","Brazil","family-264","845","families"
"5fd046cbf2d9500e43593be5","washing-clothes","video","https://media.dollarstreet.org/5ec4fc1ff0611d7ddd742dd6/5ec4fc1ff0611d7ddd742dd6_2048.jpg","5ec3d7dbc099baca67d0a53e","Europe","Serbia","family-351","3728","families"
"63d1d3c4cf65f94e484a28e3","visit","video","https://media.dollarstreet.org/5d4bf1b1cf0b3a0f3f356f12/5d4bf1b1cf0b3a0f3f356f12_2048.jpg","5d4bddc9cf0b3a0f3f3359b4","The Americas","Haiti","family-55","106.4341981","families"
"5fd0244f04167a0cab36aa1a","washing-clothes","video","https://media.dollarstreet.org/5d4bf304cf0b3a0f3f359568/5d4bf304cf0b3a0f3f359568_2048.jpg","5d4bddcbcf0b3a0f3f3359d2","The Americas","Bolivia","family-27","254","families"
"5fd03a02f2d9500e4358e975","washing-clothes","video","https://media.dollarstreet.org/5ec4f875f0611d7ddd740ef9/5ec4f875f0611d7ddd740ef9_2048.jpg","5ec3d7d5c099baca67d0a4ee","Asia","Iran","family-407","1706","families"
"5fd2194bbdf7185f607a35a1","visit","video","https://media.dollarstreet.org/5fd2194bbdf7185f607a35a1/9bf82ba9f251f84d22f5dbca8fb5e595/previews/2048_01.jpg","5f886a33592d8b8da56d6872","The Americas","Colombia","family-439","3325","families"
"5fd043eaf2d9500e43592892","washing-clothes","video","https://media.dollarstreet.org/5fd043eaf2d9500e43592892/8358879e886632809bc738690b60b9fc/previews/2048_01.jpg","5d4bddc5cf0b3a0f3f335972","Asia","Philippines","family-96","86.23191278","families"
"5fd04431f2d9500e43592ad7","washing-clothes","video","https://media.dollarstreet.org/5d4beea0cf0b3a0f3f351bde/5d4beea0cf0b3a0f3f351bde_2048.jpg","5d4bddc5cf0b3a0f3f33596f","Asia","Philippines","family-105","228","families"
"5fd03f47f2d9500e43590c90","visit","video","https://media.dollarstreet.org/5d4bdfbacf0b3a0f3f338177/5d4bdfbacf0b3a0f3f338177_2048.jpg","5d4bddb4cf0b3a0f3f335860","Europe","Netherlands","family-307","1540","families"
"5fd04d73f2d9500e43596731","washing-clothes","video","https://media.dollarstreet.org/5d4bf4abcf0b3a0f3f35bff6/5d4bf4abcf0b3a0f3f35bff6_2048.jpg","5d4bddcdcf0b3a0f3f3359e7","Asia","Vietnam","family-4","2944.177918","families"
"62dc3c8731da6373e67151a0","visit","video","https://media.dollarstreet.org/5d4becebcf0b3a0f3f34eb00/5d4becebcf0b3a0f3f34eb00_2048.jpg","5d4bddc2cf0b3a0f3f335944","Africa","Zimbabwe","family-125","41.85460574","families"
"6109f2485ca65e886cacd3bb","visit","video","https://media.dollarstreet.org/5ec4f986f0611d7ddd741813/5ec4f986f0611d7ddd741813.jpg","5ec3d7d7c099baca67d0a502","Africa","Cameroon","family-384","391","families"
"61855492c50b5c661d2bd1ea","visit","video","https://media.dollarstreet.org/6182c85c42765a226c31db21/71128e7711ecb9fe1911a9a1d5cc8b8c/6182c85c42765a226c31db21_2048.JPG","618007da4f07eca27f274d9a","The Americas","Colombia","family-444","971","families"
"5fd22a65955d2f758665c8b1","washing-clothes","video","https://media.dollarstreet.org/5d4be8dccf0b3a0f3f3478c4/5d4be8dccf0b3a0f3f3478c4_2048.jpg","5d4bddbfcf0b3a0f3f335913","Europe","Ukraine","family-178","3363.3971","families"
"5fd0388cf2d9500e4358e0e3","washing-clothes","video","https://media.dollarstreet.org/5fd0388cf2d9500e4358e0e3/759cf1517cfc74f64801d328a1300168/previews/2048_01.jpg","5d4bddc0cf0b3a0f3f335925","Asia","India","family-162","80.08499836","families"
"5fd027d81f89a90d2a769385","washing-clothes","video","https://media.dollarstreet.org/5d4be162cf0b3a0f3f33afaf/5d4be162cf0b3a0f3f33afaf.jpg","5d4bddb7cf0b3a0f3f33588d","The Americas","Brazil","family-269","368","families"
"5fd04057f2d9500e435912bd","washing-clothes","video","https://media.dollarstreet.org/5d4be04bcf0b3a0f3f338f70/5d4be04bcf0b3a0f3f338f70.jpg","5d4bddb5cf0b3a0f3f335870","Europe","Netherlands","family-291","1728","families"
"63093599a568226adc21f167","visit","video","https://media.dollarstreet.org/5d4be833cf0b3a0f3f346c5b/5d4be833cf0b3a0f3f346c5b_2048.jpg","5d4bddbecf0b3a0f3f335901","Asia","China","family-182","2765.367778","families"
"63d84fe74707e5e9436ccdc5","visit","video","https://media.dollarstreet.org/5d4becd7cf0b3a0f3f34e8c8/5d4becd7cf0b3a0f3f34e8c8_2048.jpg","5d4bddc2cf0b3a0f3f335943","Africa","Zimbabwe","family-145","41.24582261","families"
"5fd04d07f2d9500e43596411","washing-clothes","video","https://media.dollarstreet.org/5d4bed15cf0b3a0f3f34efa2/5d4bed15cf0b3a0f3f34efa2_2048.jpg","5d4bddc3cf0b3a0f3f335948","Asia","Vietnam","family-133","245.9813854","families"
"5fd0312af2d9500e4358affe","washing-clothes","video","https://media.dollarstreet.org/5fd0312af2d9500e4358affe/d0d05420b527b06d8a53dd2a3b1d737e/previews/2048_01.jpg","5ec3d7dac099baca67d0a538","The Americas","Colombia","family-356","1394","families"
"5fd04080f2d9500e4359137c","visit","video","https://media.dollarstreet.org/5d4be029cf0b3a0f3f338bd0/5d4be029cf0b3a0f3f338bd0_2048.jpg","5d4bddb4cf0b3a0f3f335868","Europe","Netherlands","family-299","3344","families"
"62f98f3436d488c62f626ff5","visit","video","https://media.dollarstreet.org/5d4beaf4cf0b3a0f3f34b688/5d4beaf4cf0b3a0f3f34b688_2048.jpg","5d4bddc0cf0b3a0f3f335924","Asia","India","family-163","64.87332687","families"
"6108885045aff1233d1dd459","visit","video","https://media.dollarstreet.org/6108885045aff1233d1dd459/d06d3907d431146980b16a0a2b4c0e0e/previews/2048_01.jpg","5d4bddb2cf0b3a0f3f33583e","Africa","Cameroon","family-338","352","families"
"5fd0307cf2d9500e4358ab44","washing-clothes","video","https://media.dollarstreet.org/5fd0307cf2d9500e4358ab44/4d1fe6bcef8655e89a328dcca3b6d5fb/previews/2048_01.jpg","5ec3d7dbc099baca67d0a53b","The Americas","Colombia","family-353","1482","families"
"5fd037aff2d9500e4358db38","visit","video","https://media.dollarstreet.org/5d4be0b5cf0b3a0f3f339bad/5d4be0b5cf0b3a0f3f339bad.jpg","5d4bddb5cf0b3a0f3f335875","Asia","India","family-289","2596","families"
"62dd623331da6329977159c4","visit","video","https://media.dollarstreet.org/5d4bec83cf0b3a0f3f34e0ce/5d4bec83cf0b3a0f3f34e0ce_2048.jpg","5d4bddc2cf0b3a0f3f335941","Africa","Zimbabwe","family-131","34.42077965","families"
"5fd22816955d2f758665b9d7","washing-clothes","video","https://media.dollarstreet.org/5d4be175cf0b3a0f3f33b1e5/5d4be175cf0b3a0f3f33b1e5_2048.jpg","5d4bddb7cf0b3a0f3f33588f","The Americas","Brazil","family-267","456","families"
"5ec4f7dcf0611d7ddd7409c6","washing-clothes","img","https://media.dollarstreet.org/5ec4f7dcf0611d7ddd7409c6/5ec4f7dcf0611d7ddd7409c6_2048.jpg","5ec3d7d4c099baca67d0a4e3","Asia","Nepal","family-417","578","families"
"5fd04c6bf2d9500e43595fe9","visit","video","https://media.dollarstreet.org/5ec4fc20f0611d7ddd742de4/5ec4fc20f0611d7ddd742de4_2048.JPG","5ec3d7dbc099baca67d0a53f","Europe","Turkey","family-350","3295","families"
"5fd0236904167a0cab36a436","washing-clothes","video","https://media.dollarstreet.org/5fd0236904167a0cab36a436/d2e41f94eda86bb3f7a1e1807489862d/previews/2048_01.jpg","5d4bddbdcf0b3a0f3f3358f2","Asia","Bangladesh","family-193","65.20651387","families"
"5fd03441f2d9500e4358c559","washing-clothes","video","https://media.dollarstreet.org/5d4bea62cf0b3a0f3f34a53a/5d4bea62cf0b3a0f3f34a53a_2048.jpg","5d4bddc0cf0b3a0f3f33591f","Asia","India","family-170","221.3244168","families"
"5d4bec07cf0b3a0f3f34d54d","washing-clothes","img","https://media.dollarstreet.org/5d4bec07cf0b3a0f3f34d54d/5d4bec07cf0b3a0f3f34d54d_2048.jpg","5d4bddc1cf0b3a0f3f335934","Europe","Bulgaria","family-151","653.5461596","families"
"5fd0392df2d9500e4358e402","visit","video","https://media.dollarstreet.org/5d4bdf13cf0b3a0f3f337117/5d4bdf13cf0b3a0f3f337117_2048.JPG","5d4bddb2cf0b3a0f3f335847","Asia","Indonesia","family-330","2594","families"
"5fd04b9ef2d9500e43595a91","washing-clothes","video","https://media.dollarstreet.org/5d4bdf30cf0b3a0f3f337433/5d4bdf30cf0b3a0f3f337433_2048.JPG","5d4bddb3cf0b3a0f3f33584d","Africa","Togo","family-325","45","families"
"5fd04871f2d9500e43594658","washing-clothes","video","https://media.dollarstreet.org/5d4bdf4fcf0b3a0f3f33771f/5d4bdf4fcf0b3a0f3f33771f_2048. washing clothes","5d4bddb3cf0b3a0f3f335851","Africa","South Africa","family-321","448","families"
"629f7fa627fad1769431d0c0","visit","img","https://media.dollarstreet.org/629f7fa627fad1769431d0c0/d66c191d62c3fbc5fda74dc780ec2af4/629f7fa627fad1769431d0c0_2048.jpg","629dbfadb15236a5876f419f","Africa","Kenya","family-404","645","families"
"5fd04975f2d9500e43594e16","washing-clothes","video","https://media.dollarstreet.org/5ec4f915f0611d7ddd74144c/5ec4f915f0611d7ddd74144c_2048.jpg","5ec3d7d6c099baca67d0a4f8","Europe","Spain","family-393","3195","families"
"5fd0239404167a0cab36a549","washing-clothes","video","https://media.dollarstreet.org/5fd0239404167a0cab36a549/eb1c29af0595f30c904b49d77fee175e/previews/2048_01.jpg","5d4bddbdcf0b3a0f3f3358ee","Asia","Bangladesh","family-199","85.47677069","families"
"5fd03b59f2d9500e4358f3bf","washing-clothes","video","https://media.dollarstreet.org/5d4be9aacf0b3a0f3f3490cc/5d4be9aacf0b3a0f3f3490cc_2048.jpg","5d4bddbfcf0b3a0f3f335919","Asia","Jordan","family-174","248.6618187","families"
"5d4bebc3cf0b3a0f3f34cd39","washing-clothes","img","https://media.dollarstreet.org/5d4bebc3cf0b3a0f3f34cd39/33a738baa07b447e572609b7575b87e2/5d4bebc3cf0b3a0f3f34cd39_2048.jpg","5d4bddc1cf0b3a0f3f335932","The Americas","United States","family-152","604","families"
"5fd03555f2d9500e4358cc15","washing-clothes","video","https://media.dollarstreet.org/5d4be140cf0b3a0f3f33abcb/5d4be140cf0b3a0f3f33abcb_2048.jpg","5d4bddb7cf0b3a0f3f335888","Asia","India","family-273","2499","families"
"663fb34367d376700e1922ea","visit","video","https://media.dollarstreet.org/663fde9abc0f5f45b15b45b2/7e14eef75a7ce6949bb5d2953108018a/663fde9abc0f5f45b15b45b2_2048.jpg","663fb2f267d37603091922e6","Africa","South Sudan","family-493","70","families"
"5fd03bf8f2d9500e4358f7ca","washing-clothes","video","https://media.dollarstreet.org/5d4be258cf0b3a0f3f33c8e3/700a62a30763501be3f03af3d14c9b32/5d4be258cf0b3a0f3f33c8e3_2048.JPG","5d4bddb8cf0b3a0f3f3358a0","Africa","Kenya","family-254","461","families"
"5d4be6accf0b3a0f3f3441a2","washing-clothes","img","https://media.dollarstreet.org/5d4be6accf0b3a0f3f3441a2/5d4be6accf0b3a0f3f3441a2_2048.JPG","5d4bddbbcf0b3a0f3f3358ce","Asia","China","family-222","575.2545865","families"
"5fd022f47c803b0c784a05f7","washing-clothes","video","https://media.dollarstreet.org/5efb4a4948cdeb0bb7b5cc99/5efb4a4948cdeb0bb7b5cc99.jpg","5efb3f4948cdebef05b5c326","Europe","Austria","family-369","3003","families"
"5fd023b404167a0cab36a639","washing-clothes","video","https://media.dollarstreet.org/5d4be79ccf0b3a0f3f345c2c/5d4be79ccf0b3a0f3f345c2c_2048.jpg","5d4bddbdcf0b3a0f3f3358ed","Asia","Bangladesh","family-195","96","families"
"5fd038c0f2d9500e4358e25b","visit","video","https://media.dollarstreet.org/5d4be780cf0b3a0f3f3458f2/5d4be780cf0b3a0f3f3458f2_2048.jpg","5d4bddbccf0b3a0f3f3358e8","Asia","Indonesia","family-200","234","families"
"5f4a93c3c3fe4f73c0c0a873","visit","img","https://media.dollarstreet.org/5f4a93c3c3fe4f73c0c0a873/5f4a93c3c3fe4f73c0c0a873_2048.jpg","5f4a925ec3fe4f07f3c0a7ad","Europe","Spain","family-488","800","families"
"5fd03a3df2d9500e4358eb11","washing-clothes","video","https://media.dollarstreet.org/5fd03a3df2d9500e4358eb11/caba67d1e958192f2305039d80c6c517/previews/2048_01.jpg","5ec3d7d4c099baca67d0a4e5","Asia","Iran","family-415","2369","families"
"6407b50c1ab7b8cfb25d6c1d","visit","video","https://media.dollarstreet.org/61d5fafd3b935c7df73adc15/5c48e596196289bbf9f95f447b47e927/61d5fafd3b935c7df73adc15_2048.jpg","61d5f8ce3b935c35593ada7e","Africa","Kenya","family-399","74","families"
"5fd04737f2d9500e43593f19","washing-clothes","video","https://media.dollarstreet.org/5d4bdf46cf0b3a0f3f33766b/5d4bdf46cf0b3a0f3f33766b_2048. washing clothes cleaning","5d4bddb3cf0b3a0f3f335850","Africa","South Africa","family-322","556","families"
"5d4be007cf0b3a0f3f338966","washing-clothes","img","https://media.dollarstreet.org/5d4be007cf0b3a0f3f338966/5d4be007cf0b3a0f3f338966_2048.jpg","5d4bddb4cf0b3a0f3f33586a","Africa","Nigeria","family-297","725","families"
"63cec240cf65f9cbde4a18af","visit","video","https://media.dollarstreet.org/5d4beb88cf0b3a0f3f34c672/5d4beb88cf0b3a0f3f34c672_2048.jpg","5d4bddc1cf0b3a0f3f33592e","Europe","France","family-156","2895","families"
"5fd023d804167a0cab36a74f","washing-clothes","video","https://media.dollarstreet.org/5fd023d804167a0cab36a74f/64c0991ea925a097fd00964444663dbe/previews/2048_01.jpg","5d4bddbdcf0b3a0f3f3358ec","Asia","Bangladesh","family-196","78","families"
"5fd038fff2d9500e4358e3ad","visit","video","https://media.dollarstreet.org/5d4bdf18cf0b3a0f3f3371bf/5d4bdf18cf0b3a0f3f3371bf_2048.JPG","5d4bddb2cf0b3a0f3f335848","Asia","Indonesia","family-329","234","families"
"5ec4f74df0611d7ddd7404f1","washing-clothes","img","https://media.dollarstreet.org/5ec4f74df0611d7ddd7404f1/5ec4f74df0611d7ddd7404f1_2048.JPG","5ec3d7d3c099baca67d0a4d0","The Americas","Colombia","family-420","722","families"
"5fd03765f2d9500e4358d97e","visit","video","https://media.dollarstreet.org/5d4be056cf0b3a0f3f3390b6/5d4be056cf0b3a0f3f3390b6.jpg","5d4bddb5cf0b3a0f3f335876","Asia","India","family-287","2340","families"
"64026bc642c9fb912075c65f","visit","video","https://media.dollarstreet.org/61c24774fe356ba12a9429db/ecb662c72f491068412983c0f78bf92a/61c24774fe356ba12a9429db_2048.jpg","61c22995fe356b5bfb941f66","Africa","Kenya","family-397","95","families"
"63644b77374978eb178bfa5e","visit","video","https://media.dollarstreet.org/5d4bee7bcf0b3a0f3f351786/5d4bee7bcf0b3a0f3f351786_2048.jpg","5d4bddc5cf0b3a0f3f33596a","Asia","Philippines","family-86","261.7931219","families"
"5d4be6d3cf0b3a0f3f34460c","washing-clothes","img","https://media.dollarstreet.org/5d4be6d3cf0b3a0f3f34460c/5d4be6d3cf0b3a0f3f34460c_2048.JPG","5d4bddbbcf0b3a0f3f3358d1","Asia","Palestine","family-221","624.4790354","families"
"5fd048e8f2d9500e435949bb","visit","video","https://media.dollarstreet.org/5ec4f93ff0611d7ddd7415b1/5ec4f93ff0611d7ddd7415b1_2048.jpg","5ec3d7d6c099baca67d0a4fb","Europe","Spain","family-390","2838","families"
"633cc2373749780cb18b50d1","visit","video","https://media.dollarstreet.org/5d4be765cf0b3a0f3f3455da/5d4be765cf0b3a0f3f3455da_2048.jpg","5d4bddbccf0b3a0f3f3358e3","Asia","Myanmar","family-208","83.59744058","families"
"62ecd70560e97c381636d537","visit","video","https://media.dollarstreet.org/5d4becf9cf0b3a0f3f34ecac/5d4becf9cf0b3a0f3f34ecac_2048.jpg","5d4bddc3cf0b3a0f3f335946","Asia","Vietnam","family-129","265.5253567","families"
"5ec4fc55f0611d7ddd742f96","washing-clothes","img","https://media.dollarstreet.org/5ec4fc55f0611d7ddd742f96/5ec4fc55f0611d7ddd742f96_2048.jpg","5ec3d7dbc099baca67d0a540","Europe","France","family-349","803","families"
"5fd02b56a8444d0db97b3f4f","visit","video","https://media.dollarstreet.org/5d4be6bccf0b3a0f3f344368/5d4be6bccf0b3a0f3f344368_2048.JPG","5d4bddbbcf0b3a0f3f3358d0","Asia","China","family-223","2235.172785","families"
"5fd03d5ef2d9500e43590043","washing-clothes","video","https://media.dollarstreet.org/5ec4f9a6f0611d7ddd741934/5ec4f9a6f0611d7ddd741934_2048.JPG","5ec3d7d7c099baca67d0a508","Africa","Malawi","family-383","84","families"
"62c5729267a3ce3d2f8ee25f","visit","video","https://media.dollarstreet.org/5f8e0eda827493ce354da35f/0f7ef7febc50a97756bb53a24f7baa18/5f8e0eda827493ce354da35f_2048.jpg","5f8c55d9a448a2f6d760a5f6","Asia","Pakistan","family-436","304","families"
"5d4bf235cf0b3a0f3f357e46","washing-clothes","img","https://media.dollarstreet.org/5d4bf235cf0b3a0f3f357e46/5d4bf235cf0b3a0f3f357e46.jpg","5d4bddcacf0b3a0f3f3359bb","Africa","Egypt","family-29","775.1004718","families"
"5fd03fd8f2d9500e43590faf","visit","video","https://media.dollarstreet.org/5d4be050cf0b3a0f3f33901a/5d4be050cf0b3a0f3f33901a.jpg","5d4bddb6cf0b3a0f3f33587b","Europe","Netherlands","family-285","2370","families"
"5fd03e06f2d9500e435904c4","washing-clothes","video","https://media.dollarstreet.org/5fd03e06f2d9500e435904c4/8cb10800b178ae77e175a9135cf08db9/previews/2048_01.jpg","5d4bddbccf0b3a0f3f3358e1","Asia","Myanmar","family-202","63.5080716","families"
"5fd22937955d2f758665c05b","washing-clothes","video","https://media.dollarstreet.org/5fd22937955d2f758665c05b/a9acecc69af5dc0db83d8cb6ef004274/previews/2048_01.jpg","5d4bddbfcf0b3a0f3f335910","Asia","India","family-180","311.1040384","families"
"5d4bdec0cf0b3a0f3f336835","washing-clothes","img","https://media.dollarstreet.org/5d4bdec0cf0b3a0f3f336835/c8025bc03bbddb8573755720555d1df1/5d4bdec0cf0b3a0f3f336835.jpg","5d4bddb1cf0b3a0f3f33583b","The Americas","United States","family-340","800","families"
"5fd0399cf2d9500e4358e6a3","visit","video","https://media.dollarstreet.org/5ec4fabbf0611d7ddd742225/5ec4fabbf0611d7ddd742225_2048.jpg","5ec3d7d9c099baca67d0a528","Asia","Iran","family-367","1841","families"
"62d46aa6deae5ec7e95885c8","visit","video","https://media.dollarstreet.org/5d4bf3dbcf0b3a0f3f35aa84/5d4bf3dbcf0b3a0f3f35aa84_2048.jpg","5d4bddcccf0b3a0f3f3359dd","Africa","Burkina Faso","family-14","95.05494965","families"
"5fd22975955d2f758665c207","washing-clothes","video","https://media.dollarstreet.org/5d4be779cf0b3a0f3f34582e/5d4be779cf0b3a0f3f34582e_2048.jpg","5d4bddbccf0b3a0f3f3358e7","Asia","Indonesia","family-203","316","families"
"5d4bf292cf0b3a0f3f3587e6","washing-clothes","img","https://media.dollarstreet.org/5d4bf292cf0b3a0f3f3587e6/5d4bf292cf0b3a0f3f3587e6_2048.jpg","5d4bddcacf0b3a0f3f3359c1","Asia","China","family-45","694.218371","families"
"63d1a8a4cf65f9114c4a246b","visit","video","https://media.dollarstreet.org/5d4beb8ecf0b3a0f3f34c72a/5d4beb8ecf0b3a0f3f34c72a_2048.jpg","5d4bddc1cf0b3a0f3f33592d","Europe","France","family-157","2194.067544","families"
"60967d4fe830a805d0cc07d2","visit","video","https://media.dollarstreet.org/5d4be74bcf0b3a0f3f3452fe/5d4be74bcf0b3a0f3f3452fe_2048.jpg","5d4bddbccf0b3a0f3f3358de","Asia","Myanmar","family-209","68","families"
"5fd038e0f2d9500e4358e35c","washing-clothes","video","https://media.dollarstreet.org/5d4be773cf0b3a0f3f34576a/5d4be773cf0b3a0f3f34576a_2048.jpg","5d4bddbccf0b3a0f3f3358e6","Asia","Indonesia","family-206","308","families"
"5ec4fbf7f0611d7ddd742c95","washing-clothes","img","https://media.dollarstreet.org/5ec4fbf7f0611d7ddd742c95/5ec4fbf7f0611d7ddd742c95_2048.jpg","5ec3d7dbc099baca67d0a53d","Europe","France","family-352","875","families"
"5fd04016f2d9500e4359112e","washing-clothes","video","https://media.dollarstreet.org/5d4be0d4cf0b3a0f3f339f43/5d4be0d4cf0b3a0f3f339f43_2048.JPG","5d4bddb6cf0b3a0f3f33587a","Europe","Netherlands","family-283","1998","families"
"62d1f56fdeae5e4c5c5880f3","visit","video","https://media.dollarstreet.org/5d4bf3b9cf0b3a0f3f35a830/5d4bf3b9cf0b3a0f3f35a830_2048.jpg","5d4bddcccf0b3a0f3f3359dc","Africa","Burkina Faso","family-13","55.93351031","families"
"5fd03b0af2d9500e4358f15c","washing-clothes","video","https://media.dollarstreet.org/5d4be9fecf0b3a0f3f34998c/5d4be9fecf0b3a0f3f34998c_2048.jpg","5d4bddc0cf0b3a0f3f33591b","Asia","Jordan","family-176","365.787688","families"
"5f1ddb4840688fc33536816f","visit","img","https://media.dollarstreet.org/5f1ddb4840688fc33536816f/5f1ddb4840688fc33536816f_2048.JPG","5f1dce653092dc94981bedaa","Africa","Ethiopia","family-389","844","families"
"5fd040bff2d9500e435914fb","visit","video","https://media.dollarstreet.org/5d4be036cf0b3a0f3f338d3e/5d4be036cf0b3a0f3f338d3e.JPG","5d4bddb5cf0b3a0f3f33586c","Europe","Netherlands","family-296","1816","families"
"5fd04251f2d9500e43591e24","washing-clothes","video","https://media.dollarstreet.org/5f648d102130720ad83513e1/5f648d102130720ad83513e1_2048.jpg","5f625bd5d51b220267f51392","Asia","Pakistan","family-435","133","families"
"5fd03499f2d9500e4358c80c","washing-clothes","video","https://media.dollarstreet.org/5d4be632cf0b3a0f3f3433cf/5d4be632cf0b3a0f3f3433cf_2048.JPG","5d4bddbacf0b3a0f3f3358c6","Asia","India","family-229","526","families"
"5d4bf40dcf0b3a0f3f35afae","washing-clothes","img","https://media.dollarstreet.org/5d4bf40dcf0b3a0f3f35afae/5d4bf40dcf0b3a0f3f35afae.jpg","5d4bddcccf0b3a0f3f3359df","The Americas","Mexico","family-10","897.0054426","families"
"5fd04a94f2d9500e4359541d","visit","video","https://media.dollarstreet.org/5d4be074cf0b3a0f3f339416/5d4be074cf0b3a0f3f339416_2048.Washing clothes2","5d4bddb5cf0b3a0f3f33586e","Europe","Sweden","family-293","1740","families"
"62dfe74f31da633cc871714b","visit","video","https://media.dollarstreet.org/5d4bf39fcf0b3a0f3f35a56c/5d4bf39fcf0b3a0f3f35a56c_2048.jpg","5d4bddcccf0b3a0f3f3359db","Africa","Burkina Faso","family-22","52.95427615","families"
"5d4bdf42cf0b3a0f3f3375ff","washing-clothes","img","https://media.dollarstreet.org/5d4bdf42cf0b3a0f3f3375ff/5d4bdf42cf0b3a0f3f3375ff_2048.jpg","5d4bddb3cf0b3a0f3f33584f","Europe","Serbia","family-323","228","families"
"5d4be712cf0b3a0f3f344d84","washing-clothes","img","https://media.dollarstreet.org/5d4be712cf0b3a0f3f344d84/5d4be712cf0b3a0f3f344d84.jpg","5d4bddbbcf0b3a0f3f3358d8","Asia","South Korea","family-214","699.516729","families"
"5d4be00ecf0b3a0f3f338a12","washing-clothes","img","https://media.dollarstreet.org/5d4be00ecf0b3a0f3f338a12/5d4be00ecf0b3a0f3f338a12.jpg","5d4bddb4cf0b3a0f3f335867","Africa","Nigeria","family-300","3750","families"
"5fd04a07f2d9500e435951ce","washing-clothes","video","https://media.dollarstreet.org/5fd04a07f2d9500e435951ce/3c97d8df2183fe8b01c0a73fd98f31f3/previews/2048_01.jpg","5ec3d7d3c099baca67d0a4c8","Asia","Sri Lanka","family-424","125","families"
"62a6435c9280e31bbcf99987","visit","img","https://media.dollarstreet.org/62a6435c9280e31bbcf99987/dadc20b9a3aa83e334cb6edf98c177f7/62a6435c9280e31bbcf99987_2048.jpg","62a6057e9280e33271f96992","Africa","Kenya","family-408","198","families"
"5f3982e334408beef22b4643","visit","img","https://media.dollarstreet.org/5f3982e334408beef22b4643/5f3982e334408beef22b4643_2048.jpg","5f39660a01142028b97de5c3","Europe","Spain","family-462","936","families"
"63e170db21c8e3043557f4bd","visit","img","https://media.dollarstreet.org/63e170db21c8e3043557f4bd/d5403c09026f57c4881bf09d2514dac7/63e170db21c8e3043557f4bd.jpeg","63e160744707e5b3cd6ce9a4","The Americas","Colombia","family-489","6740","families"
"62d49570deae5eed10589459","visit","video","https://media.dollarstreet.org/5d4bf37ecf0b3a0f3f35a208/5d4bf37ecf0b3a0f3f35a208_2048.jpg","5d4bddcccf0b3a0f3f3359d9","Africa","Burkina Faso","family-15","53.64520422","families"
"5f42e37eebd73b9cf079c71b","visit","img","https://media.dollarstreet.org/5f42e37eebd73b9cf079c71b/5f42e37eebd73b9cf079c71b_2048.JPG","5f417442e93ed0255a8b557c","The Americas","Peru","family-334","246","families"
"5d4be671cf0b3a0f3f343aeb","washing-clothes","img","https://media.dollarstreet.org/5d4be671cf0b3a0f3f343aeb/5d4be671cf0b3a0f3f343aeb_2048.jpg","5d4bddbdcf0b3a0f3f3358f7","Africa","Tanzania","family-188","1050.70879","families"
"5d4be828cf0b3a0f3f346b07","washing-clothes","img","https://media.dollarstreet.org/5d4be828cf0b3a0f3f346b07/5d4be828cf0b3a0f3f346b07_2048.jpg","5d4bddbecf0b3a0f3f335902","Asia","China","family-181","4608.946297","families"
"5fd03e92f2d9500e435908cc","washing-clothes","video","https://media.dollarstreet.org/5fd03e92f2d9500e435908cc/8c2d8bbb17fe4de125a776ddde3d0e7b/previews/2048_01.jpg","5d4bddc7cf0b3a0f3f33598a","Asia","Nepal","family-87","146.4941649","families"
"5ec4f817f0611d7ddd740bcc","washing-clothes","img","https://media.dollarstreet.org/5ec4f817f0611d7ddd740bcc/5ec4f817f0611d7ddd740bcc_2048.jpg","5ec3d7d5c099baca67d0a4e8","Asia","Nepal","family-412","172","families"
"5d4be541cf0b3a0f3f34198c","washing-clothes","img","https://media.dollarstreet.org/5d4be541cf0b3a0f3f34198c/5d4be541cf0b3a0f3f34198c_2048.JPG","5d4bddbacf0b3a0f3f3358ba","The Americas","United States","family-237","855","families"
"5ec4f5503f62767d97a4731b","washing-clothes","img","https://media.dollarstreet.org/5ec4f5503f62767d97a4731b/5ec4f5503f62767d97a4731b_2048.jpg","5ec3d7d2c099baca67d0a4c2","Europe","France","family-434","14753","families"
"63416c0937497879348b6fcc","visit","video","https://media.dollarstreet.org/63416c0937497879348b6fcc/b15a51e47a6aab36dbe53f0de1e18e92/previews/2048_01.jpg","5d4bddc7cf0b3a0f3f335993","Africa","Malawi","family-101","63.91344038","families"
"5d4bdf03cf0b3a0f3f336f7f","washing-clothes","img","https://media.dollarstreet.org/5d4bdf03cf0b3a0f3f336f7f/5d4bdf03cf0b3a0f3f336f7f_2048.jpg","5d4bddb2cf0b3a0f3f335843","Europe","Serbia","family-333","430","families"
"5d4be70acf0b3a0f3f344c88","washing-clothes","img","https://media.dollarstreet.org/5d4be70acf0b3a0f3f344c88/5d4be70acf0b3a0f3f344c88.jpg","5d4bddbbcf0b3a0f3f3358d6","Asia","South Korea","family-218","660.3833682","families"
"5d4beb7dcf0b3a0f3f34c52a","washing-clothes","img","https://media.dollarstreet.org/5d4beb7dcf0b3a0f3f34c52a/5d4beb7dcf0b3a0f3f34c52a_2048.jpg","5d4bddc1cf0b3a0f3f33592c","Africa","Kenya","family-158","3267.97326","families"
"5fd03ee1f2d9500e43590b4d","washing-clothes","video","https://media.dollarstreet.org/5fd03ee1f2d9500e43590b4d/63779fd9b64350552f9107852c6cfd76/previews/2048_01.jpg","5d4bddc6cf0b3a0f3f335982","Asia","Nepal","family-111","121.2854363","families"
"62a25e829280e3c8fbf7db6f","visit","img","https://media.dollarstreet.org/62a25e829280e3c8fbf7db6f/2a07c9efb1984b8818463a6706c67b6c/62a25e829280e3c8fbf7db6f_2048.jpg","62a20d649280e30a3ff77098","Africa","Kenya","family-405","179","families"
"5d4bee68cf0b3a0f3f35156a","washing-clothes","img","https://media.dollarstreet.org/5d4bee68cf0b3a0f3f35156a/5d4bee68cf0b3a0f3f35156a_2048.jpg","5d4bddc5cf0b3a0f3f335968","Europe","Romania","family-81","1019","families"
"5d4befaacf0b3a0f3f3539ca","washing-clothes","img","https://media.dollarstreet.org/5d4befaacf0b3a0f3f3539ca/5d4befaacf0b3a0f3f3539ca_2048.jpg","5d4bddc7cf0b3a0f3f33598f","The Americas","Mexico","family-99","6342","families"
"5fd03ce2f2d9500e4358fd33","washing-clothes","video","https://media.dollarstreet.org/5fd03ce2f2d9500e4358fd33/427b163faaa7fd9035bd86e6310ac834/previews/2048_01.jpg","5d4bddc7cf0b3a0f3f335992","Africa","Malawi","family-93","51.88264617","families"
"5ec4fb80f0611d7ddd7428a8","washing-clothes","img","https://media.dollarstreet.org/5ec4fb80f0611d7ddd7428a8/5ec4fb80f0611d7ddd7428a8_2048.jpg","5ec3d7dac099baca67d0a537","The Americas","Colombia","family-357","261","families"
"5d4be4cdcf0b3a0f3f340c1c","washing-clothes","img","https://media.dollarstreet.org/5d4be4cdcf0b3a0f3f340c1c/5d4be4cdcf0b3a0f3f340c1c_2048.jpg","5d4bddb9cf0b3a0f3f3358b2","Africa","Cameroon","family-242","1116","families"
"5d4be132cf0b3a0f3f33aa21","washing-clothes","img","https://media.dollarstreet.org/5d4be132cf0b3a0f3f33aa21/5d4be132cf0b3a0f3f33aa21_2048.jpg","5d4bddb6cf0b3a0f3f335886","Asia","India","family-272","4621","families"
"5fd22878955d2f758665bc3e","washing-clothes","video","https://media.dollarstreet.org/5d4bea20cf0b3a0f3f349d94/5d4bea20cf0b3a0f3f349d94_2048.jpg","5d4bddc0cf0b3a0f3f33591c","Asia","India","family-168","135.0102771","families"
"5d4bf2c6cf0b3a0f3f358e14","washing-clothes","img","https://media.dollarstreet.org/5d4bf2c6cf0b3a0f3f358e14/5d4bf2c6cf0b3a0f3f358e14_2048.jpg","5d4bddcbcf0b3a0f3f3359cb","Asia","Cambodia","family-26","195","families"
"5d4bde30cf0b3a0f3f335b75","washing-clothes","img","https://media.dollarstreet.org/5d4bde30cf0b3a0f3f335b75/5d4bde30cf0b3a0f3f335b75_2048.jpg","5d4bddb1cf0b3a0f3f335832","The Americas","United States","family-346","898","families"
"5ed419e3685870535c19a206","visit","img","https://media.dollarstreet.org/5ed419e3685870535c19a206/5ed419e3685870535c19a206_2048.jpg","5ed40876685870348919a1fd","Europe","France","family-425","7110","families"
"6390f44dcf65f9278e492c04","visit","video","https://media.dollarstreet.org/6390f44dcf65f9278e492c04/a68ec5d1f52a3686679c677553b20f0e/previews/2048_01.jpg","5d4bddc7cf0b3a0f3f335990","Africa","Malawi","family-104","50.18041676","families"
"5d4be918cf0b3a0f3f347fc8","washing-clothes","img","https://media.dollarstreet.org/5d4be918cf0b3a0f3f347fc8/5d4be918cf0b3a0f3f347fc8_2048.jpg","5d4bddbfcf0b3a0f3f335914","Europe","Ukraine","family-177","475.7742547","families"
"5d4bf29acf0b3a0f3f3588ca","washing-clothes","img","https://media.dollarstreet.org/5d4bf29acf0b3a0f3f3588ca/5d4bf29acf0b3a0f3f3588ca_2048.jpg","5d4bddcacf0b3a0f3f3359c2","Asia","China","family-33","730.281663","families"
"5ec4f856f0611d7ddd740de2","washing-clothes","img","https://media.dollarstreet.org/5ec4f856f0611d7ddd740de2/5ec4f856f0611d7ddd740de2_2048.JPG","5ec3d7d5c099baca67d0a4ec","The Americas","United States","family-409","5125","families"
"63c48703cf65f9c73949e77e","visit","video","https://media.dollarstreet.org/5d4be78dcf0b3a0f3f345a74/5d4be78dcf0b3a0f3f345a74_2048.jpg","5d4bddbccf0b3a0f3f3358ea","Asia","Indonesia","family-198","131.3989924","families"
"629623d967308ac0da60d589","visit","img","https://media.dollarstreet.org/629623d967308ac0da60d589/8294029cbb00db7272ea8108aa63ea4a/629623d967308ac0da60d589_2048.jpg","629281922ff4d029e8c05dd9","Africa","Kenya","family-401","178","families"
"5d4bed5bcf0b3a0f3f34f766","washing-clothes","img","https://media.dollarstreet.org/5d4bed5bcf0b3a0f3f34f766/5d4bed5bcf0b3a0f3f34f766_2048.jpg","5d4bddc3cf0b3a0f3f335950","Europe","United Kingdom","family-135","1040","families"
"5d4be710cf0b3a0f3f344d46","washing-clothes","img","https://media.dollarstreet.org/5d4be710cf0b3a0f3f344d46/5d4be710cf0b3a0f3f344d46.jpg","5d4bddbbcf0b3a0f3f3358d7","Asia","South Korea","family-219","4530.96226","families"
"5fd0416af2d9500e435918c5","washing-clothes","video","https://media.dollarstreet.org/5fd0416af2d9500e435918c5/05a186ec09e025a346c849968a8c2f9b/previews/2048_01.jpg","5d4bddc6cf0b3a0f3f33597e","Africa","Nigeria","family-92","59","families"
"5d4bdfaecf0b3a0f3f33805b","washing-clothes","img","https://media.dollarstreet.org/5d4bdfaecf0b3a0f3f33805b/5d4bdfaecf0b3a0f3f33805b_2048.JPG","5d4bddb4cf0b3a0f3f33585e","The Americas","Peru","family-308","398","families"
"5d4bf22ecf0b3a0f3f357d84","washing-clothes","img","https://media.dollarstreet.org/5d4bf22ecf0b3a0f3f357d84/5d4bf22ecf0b3a0f3f357d84_2048.jpg","5d4bddcacf0b3a0f3f3359ba","Africa","Egypt","family-59","1493.683201","families"
"5d4bdf90cf0b3a0f3f337d9b","washing-clothes","img","https://media.dollarstreet.org/5d4bdf90cf0b3a0f3f337d9b/5d4bdf90cf0b3a0f3f337d9b.jpg","5d4bddb3cf0b3a0f3f33585a","Europe","Romania","family-312","6256","families"
"5fd03e65f2d9500e4359076c","washing-clothes","video","https://media.dollarstreet.org/5d4be742cf0b3a0f3f34520a/5d4be742cf0b3a0f3f34520a_2048.jpg","5d4bddbccf0b3a0f3f3358dd","Asia","Myanmar","family-211","141","families"
"5d4beebbcf0b3a0f3f351ee2","washing-clothes","img","https://media.dollarstreet.org/5d4beebbcf0b3a0f3f351ee2/5d4beebbcf0b3a0f3f351ee2_2048.jpg","5d4bddc5cf0b3a0f3f335974","Asia","Philippines","family-80","195.4533587","families"
"5d4be424cf0b3a0f3f33f95a","washing-clothes","img","https://media.dollarstreet.org/5d4be424cf0b3a0f3f33f95a/5d4be424cf0b3a0f3f33f95a_2048.jpg","5d4bddb9cf0b3a0f3f3358ad","The Americas","United States","family-244","996","families"
"5d4bebefcf0b3a0f3f34d271","washing-clothes","img","https://media.dollarstreet.org/5d4bebefcf0b3a0f3f34d271/5d4bebefcf0b3a0f3f34d271_2048.jpg","5d4bddc1cf0b3a0f3f335933","The Americas","United States","family-153","4650","families"
"5fd04dbdf2d9500e4359696b","washing-clothes","video","https://media.dollarstreet.org/5d4becb6cf0b3a0f3f34e5f0/5d4becb6cf0b3a0f3f34e5f0_2048.jpg","5d4bddc2cf0b3a0f3f335942","Africa","Zimbabwe","family-134","73.16914591","families"
"5d4bf498cf0b3a0f3f35be40","washing-clothes","img","https://media.dollarstreet.org/5d4bf498cf0b3a0f3f35be40/5d4bf498cf0b3a0f3f35be40_2048.jpg","5d4bddcdcf0b3a0f3f3359e6","Europe","Turkey","family-6","505","families"
"5d4bf190cf0b3a0f3f356ba0","washing-clothes","img","https://media.dollarstreet.org/5d4bf190cf0b3a0f3f356ba0/5d4bf190cf0b3a0f3f356ba0_2048.jpg","5d4bddc9cf0b3a0f3f3359b2","Asia","India","family-65","724","families"
"5d4bdffccf0b3a0f3f338882","washing-clothes","img","https://media.dollarstreet.org/5d4bdffccf0b3a0f3f338882/5d4bdffccf0b3a0f3f338882_2048.jpg","5d4bddb4cf0b3a0f3f335866","Asia","Pakistan","family-301","4440","families"
"5fd22957955d2f758665c13f","washing-clothes","video","https://media.dollarstreet.org/5d4be787cf0b3a0f3f3459b8/5d4be787cf0b3a0f3f3459b8_2048.jpg","5d4bddbccf0b3a0f3f3358e9","Asia","Indonesia","family-207","152.4446168","families"
"5d4bf067cf0b3a0f3f354dc0","washing-clothes","img","https://media.dollarstreet.org/5d4bf067cf0b3a0f3f354dc0/5d4bf067cf0b3a0f3f354dc0.jpg","5d4bddc8cf0b3a0f3f33599d","Africa","Kenya","family-67","174","families"
"5d4beb64cf0b3a0f3f34c21c","washing-clothes","img","https://media.dollarstreet.org/5d4beb64cf0b3a0f3f34c21c/5d4beb64cf0b3a0f3f34c21c_2048.jpg","5d4bddc1cf0b3a0f3f335929","Europe","Latvia","family-161","1034.993635","families"
"5d4be676cf0b3a0f3f343b89","washing-clothes","img","https://media.dollarstreet.org/5d4be676cf0b3a0f3f343b89/5d4be676cf0b3a0f3f343b89_2048.jpg","5d4bddc2cf0b3a0f3f335937","Europe","Sweden","family-150","4883.241226","families"
"5fd03c29f2d9500e4358f874","visit","video","https://media.dollarstreet.org/5d4be1c4cf0b3a0f3f33b991/5d4be1c4cf0b3a0f3f33b991_2048.JPG","5d4bddb8cf0b3a0f3f335896","Africa","Kenya","family-260","82","families"
"5ec4fa95f0611d7ddd7420ea","washing-clothes","img","https://media.dollarstreet.org/5ec4fa95f0611d7ddd7420ea/5ec4fa95f0611d7ddd7420ea_2048.jpg","5ec3d7d9c099baca67d0a523","The Americas","Brazil","family-366","416","families"
"5d4bde55cf0b3a0f3f335ed5","washing-clothes","img","https://media.dollarstreet.org/5d4bde55cf0b3a0f3f335ed5/5d4bde55cf0b3a0f3f335ed5_2048.jpg","5d4bddb1cf0b3a0f3f335833","The Americas","United States","family-345","960","families"
"5d4be04acf0b3a0f3f338f4e","washing-clothes","img","https://media.dollarstreet.org/5d4be04acf0b3a0f3f338f4e/5d4be04acf0b3a0f3f338f4e.jpg","5d4bddb5cf0b3a0f3f335871","The Americas","United States","family-292","4559","families"
"62eb7a9960e97cdc3b36b134","visit","video","https://media.dollarstreet.org/5d4bf430cf0b3a0f3f35b334/5d4bf430cf0b3a0f3f35b334_2048.jpg","5d4bddcccf0b3a0f3f3359e1","Africa","South Africa","family-9","148.0735319","families"
"5d4bedd5cf0b3a0f3f35058c","washing-clothes","img","https://media.dollarstreet.org/5d4bedd5cf0b3a0f3f35058c/5d4bedd5cf0b3a0f3f35058c_2048.jpg","5d4bddc4cf0b3a0f3f335958","Asia","Thailand","family-144","178.8368958","families"
"5d4be7f4cf0b3a0f3f346581","showers","img","https://media.dollarstreet.org/5d4be7f4cf0b3a0f3f346581/5d4be7f4cf0b3a0f3f346581_2048.jpg","5d4bddbecf0b3a0f3f3358fa","Asia","China","family-191","738","families"
"5d4bf2aacf0b3a0f3f358abe","washing-clothes","img","https://media.dollarstreet.org/5d4bf2aacf0b3a0f3f358abe/5d4bf2aacf0b3a0f3f358abe_2048.jpg","5d4bddcacf0b3a0f3f3359c6","Asia","China","family-34","3704.327276","families"
"62ea75df60e97cade036a575","visit","video","https://media.dollarstreet.org/5d4bee0ecf0b3a0f3f350c26/5d4bee0ecf0b3a0f3f350c26_2048.jpg","5d4bddc4cf0b3a0f3f335963","Africa","South Africa","family-141","116","families"
"5d4bdf68cf0b3a0f3f337981","washing-clothes","img","https://media.dollarstreet.org/5d4bdf68cf0b3a0f3f337981/5d4bdf68cf0b3a0f3f337981_2048.jpg","5d4bddb3cf0b3a0f3f335855","Africa","Tanzania","family-318","228","families"
"5d4bdfb3cf0b3a0f3f3380db","washing-clothes","img","https://media.dollarstreet.org/5d4bdfb3cf0b3a0f3f3380db/5d4bdfb3cf0b3a0f3f3380db_2048.jpg","5d4bddb4cf0b3a0f3f33585f","Europe","Netherlands","family-306","1038","families"
"5ec4f907f0611d7ddd7413d9","washing-clothes","img","https://media.dollarstreet.org/5ec4f907f0611d7ddd7413d9/5ec4f907f0611d7ddd7413d9_2048.jpg","5ec3d7d6c099baca67d0a4f7","Europe","Spain","family-394","4553","families"
"5fd04c13f2d9500e43595dec","washing-clothes","video","https://media.dollarstreet.org/5d4bed8bcf0b3a0f3f34fcfa/5d4bed8bcf0b3a0f3f34fcfa_2048.jpg","5d4bddc3cf0b3a0f3f335953","Africa","Tunisia","family-140","116.4314704","families"
"5ec4f822f0611d7ddd740c28","washing-clothes","img","https://media.dollarstreet.org/5ec4f822f0611d7ddd740c28/5ec4f822f0611d7ddd740c28_2048.jpg","5ec3d7d5c099baca67d0a4e9","Asia","Nepal","family-411","205","families"
"5fa3e8e2b030743a1153936a","visit","img","https://media.dollarstreet.org/5fa3e8e2b030743a1153936a/dc1a2b164b7385876d89b349a887ca53/5fa3e8e2b030743a1153936a.jpeg","5fa322b5a4fd61006d5dfcb1","The Americas","Colombia","family-437","1025","families"
"5d4be428cf0b3a0f3f33f9ba","washing-clothes","img","https://media.dollarstreet.org/5d4be428cf0b3a0f3f33f9ba/2507df17ffe5e38bc2ed4695b37dda05/5d4be428cf0b3a0f3f33f9ba_2048.JPG","5d4bddb9cf0b3a0f3f3358ae","The Americas","United States","family-243","4446","families"
"63d4465bcf65f906b94a3579","visit","video","https://media.dollarstreet.org/5d4bed6ccf0b3a0f3f34f95a/5d4bed6ccf0b3a0f3f34f95a_2048.jpg","5d4bddc3cf0b3a0f3f335952","Africa","Tunisia","family-124","113.5375491","families"
"5d4bdf5ccf0b3a0f3f337867","washing-clothes","img","https://media.dollarstreet.org/5d4bdf5ccf0b3a0f3f337867/5d4bdf5ccf0b3a0f3f337867_2048. washing clothes","5d4bddb3cf0b3a0f3f335853","Africa","South Africa","family-319","232","families"
"5d4bf413cf0b3a0f3f35b066","washing-clothes","img","https://media.dollarstreet.org/5d4bf413cf0b3a0f3f35b066/5d4bf413cf0b3a0f3f35b066_2048.jpg","5d4bddcccf0b3a0f3f3359e0","Asia","China","family-11","780.9956673","families"
"5d4be105cf0b3a0f3f33a4dd","washing-clothes","img","https://media.dollarstreet.org/5d4be105cf0b3a0f3f33a4dd/5d4be105cf0b3a0f3f33a4dd.JPG","5d4bddb6cf0b3a0f3f335881","Asia","India","family-279","3611","families"
"5fd04bd3f2d9500e43595bf6","visit","video","https://media.dollarstreet.org/5d4bdf25cf0b3a0f3f33730d/5d4bdf25cf0b3a0f3f33730d_2048.jpg","5d4bddb2cf0b3a0f3f33584b","Africa","Togo","family-327","145","families"
"5ec4f809f0611d7ddd740b5c","washing-clothes","img","https://media.dollarstreet.org/5ec4f809f0611d7ddd740b5c/5ec4f809f0611d7ddd740b5c_2048.jpg","5ec3d7d5c099baca67d0a4e7","Asia","Nepal","family-413","235","families"
"5f3eeb7b6d3d5848dcb034dc","visit","img","https://media.dollarstreet.org/5f3eeb7b6d3d5848dcb034dc/5f3eeb7b6d3d5848dcb034dc_2048.jpg","5f3eda8afb20c17d83dcd126","Europe","Spain","family-478","1147","families"
"5ec4fa29f0611d7ddd741d96","washing-clothes","img","https://media.dollarstreet.org/5ec4fa29f0611d7ddd741d96/5ec4fa29f0611d7ddd741d96_2048.JPG","5ec3d7d8c099baca67d0a519","Europe","Czech Republic","family-376","4183","families"
"5fd04b63f2d9500e4359595b","washing-clothes","video","https://media.dollarstreet.org/5d4bdf71cf0b3a0f3f337a73/5d4bdf71cf0b3a0f3f337a73_2048.JPG","5d4bddb3cf0b3a0f3f335857","Africa","Tanzania","family-314","164","families"
"62a4f68f9280e3554df93241","visit","img","https://media.dollarstreet.org/62a4f68f9280e3554df93241/5dd26cca71c430cb57ced79797a77419/62a4f68f9280e3554df93241_2048.jpg","62a3a41e9280e3780bf8364a","Africa","Kenya","family-406","276","families"
"5f80bec8c07af89548bedd9c","visit","img","https://media.dollarstreet.org/5f80bec8c07af89548bedd9c/5f80bec8c07af89548bedd9c_2048.jpg","5f8092b1ad73fa53276c3d25","The Americas","Colombia","family-438","1051","families"
"5ec4f73cf0611d7ddd740452","washing-clothes","img","https://media.dollarstreet.org/5ec4f73cf0611d7ddd740452/5ec4f73cf0611d7ddd740452.jpeg","5ec3d7d3c099baca67d0a4ce","The Americas","Colombia","family-421","4162","families"
"5d4bf447cf0b3a0f3f35b5d0","washing-clothes","img","https://media.dollarstreet.org/5d4bf447cf0b3a0f3f35b5d0/5d4bf447cf0b3a0f3f35b5d0_2048.jpg","5d4bddcccf0b3a0f3f3359e2","The Americas","Haiti","family-7","39.9","families"
"5d4bf2b2cf0b3a0f3f358ba0","washing-clothes","img","https://media.dollarstreet.org/5d4bf2b2cf0b3a0f3f358ba0/5d4bf2b2cf0b3a0f3f358ba0_2048.jpg","5d4bddcbcf0b3a0f3f3359c8","Asia","China","family-31","240","families"
"5d4bf17fcf0b3a0f3f3569ba","washing-clothes","img","https://media.dollarstreet.org/5d4bf17fcf0b3a0f3f3569ba/5d4bf17fcf0b3a0f3f3569ba.jpg","5d4bddc9cf0b3a0f3f3359af","Asia","India","family-58","796.7692481","families"
"5d4be114cf0b3a0f3f33a6af","washing-clothes","img","https://media.dollarstreet.org/5d4be114cf0b3a0f3f33a6af/5d4be114cf0b3a0f3f33a6af.jpeg","5d4bddb6cf0b3a0f3f335883","Asia","India","family-277","3477","families"
"5ec4f7e8f0611d7ddd740a37","washing-clothes","img","https://media.dollarstreet.org/5ec4f7e8f0611d7ddd740a37/5ec4f7e8f0611d7ddd740a37_2048.jpg","5ec3d7d4c099baca67d0a4e4","Asia","Nepal","family-416","96","families"
"5d4bee4acf0b3a0f3f3511f0","washing-clothes","img","https://media.dollarstreet.org/5d4bee4acf0b3a0f3f3511f0/5d4bee4acf0b3a0f3f3511f0_2048.jpg","5d4bddc4cf0b3a0f3f335966","Africa","Rwanda","family-113","250.7905551","families"
"5f33fecff99db44bb3af32ad","visit","img","https://media.dollarstreet.org/5f33fecff99db44bb3af32ad/5f33fecff99db44bb3af32ad_2048.jpg","5f33e19bf99db4be85af1008","Europe","Spain","family-461","1196","families"
"5d4bf38bcf0b3a0f3f35a384","washing-clothes","img","https://media.dollarstreet.org/5d4bf38bcf0b3a0f3f35a384/5d4bf38bcf0b3a0f3f35a384_2048.jpg","5d4bddcccf0b3a0f3f3359da","Europe","France","family-20","3764","families"
"64874948fe2b6b774fa47840","visit","img","https://media.dollarstreet.org/64874948fe2b6b774fa47840/ee81513456d2cffdcfb59aff4aae414a/64874948fe2b6b774fa47840_2048.JPG","64874827fe2b6b49a6a477b8","Africa","Kenya","elizabeth","47","families"
"5d4bf197cf0b3a0f3f356c60","washing-clothes","img","https://media.dollarstreet.org/5d4bf197cf0b3a0f3f356c60/5d4bf197cf0b3a0f3f356c60_2048.jpg","5d4bddc9cf0b3a0f3f3359b3","Asia","India","family-53","245.2917235","families"
"5d4befa4cf0b3a0f3f353902","washing-clothes","img","https://media.dollarstreet.org/5d4befa4cf0b3a0f3f353902/5d4befa4cf0b3a0f3f353902_2048.jpg","5d4bddc7cf0b3a0f3f33598e","The Americas","Mexico","family-108","1092.552629","families"
"5d4be3cbcf0b3a0f3f33ef03","washing-clothes","img","https://media.dollarstreet.org/5d4be3cbcf0b3a0f3f33ef03/5d4be3cbcf0b3a0f3f33ef03_2048.jpg","5d4bddb8cf0b3a0f3f3358a7","The Americas","United States","family-250","3450","families"
"5d4bf1cdcf0b3a0f3f357238","washing-clothes","img","https://media.dollarstreet.org/5d4bf1cdcf0b3a0f3f357238/5d4bf1cdcf0b3a0f3f357238_2048.jpg","5d4bddc9cf0b3a0f3f3359b5","The Americas","Haiti","family-56","39.53616613","families"
"5ec4f9ebf0611d7ddd741b81","washing-clothes","img","https://media.dollarstreet.org/5ec4f9ebf0611d7ddd741b81/5ec4f9ebf0611d7ddd741b81.jpg","5ec3d7d7c099baca67d0a511","Africa","Ethiopia","family-381","306","families"
"5d4be2afcf0b3a0f3f33d203","washing-clothes","img","https://media.dollarstreet.org/5d4be2afcf0b3a0f3f33d203/5d4be2afcf0b3a0f3f33d203.jpg","5d4bddb9cf0b3a0f3f3358b7","Asia","India","family-239","753","families"
"5d4be821cf0b3a0f3f346a85","washing-clothes","img","https://media.dollarstreet.org/5d4be821cf0b3a0f3f346a85/5d4be821cf0b3a0f3f346a85_2048.jpg","5d4bddbecf0b3a0f3f335900","Asia","China","family-185","3318.441334","families"
"5d4beec1cf0b3a0f3f351fa8","washing-clothes","img","https://media.dollarstreet.org/5d4beec1cf0b3a0f3f351fa8/5d4beec1cf0b3a0f3f351fa8_2048.jpg","5d4bddc5cf0b3a0f3f335975","Asia","Philippines","family-115","97.63936288","families"
"5d4bf157cf0b3a0f3f3565aa","washing-clothes","img","https://media.dollarstreet.org/5d4bf157cf0b3a0f3f3565aa/5d4bf157cf0b3a0f3f3565aa.jpg","5d4bddc9cf0b3a0f3f3359aa","Asia","Indonesia","family-64","209.7449238","families"
"5f2ea4ce52a6163d7e09c996","visit","img","https://media.dollarstreet.org/5f2ea4ce52a6163d7e09c996/5f2ea4ce52a6163d7e09c996_2048.jpg","5f2dc5e85e20a7b0276cec7a","Europe","Spain","family-433","1267","families"
"65b7faeae3ec30233565295c","visit","img","https://media.dollarstreet.org/65b7faeae3ec30233565295c/f05db17d26c42b657ab0e34de4cd05f9/65b7faeae3ec30233565295c_2048.jpg","5d4bddbbcf0b3a0f3f3358cc","Europe","Netherlands","family-227","3588","families"
"64870eca61d76de7fe6b42d2","visit","img","https://media.dollarstreet.org/64870eca61d76de7fe6b42d2/85a4f0dce6599ea70f669d29c36b5e5e/64870eca61d76de7fe6b42d2_2048.jpg","64870c8861d76d19106b40df","Africa","Kenya","rose-akout","39","families"
"5d4bdee2cf0b3a0f3f336bf7","washing-clothes","img","https://media.dollarstreet.org/5d4bdee2cf0b3a0f3f336bf7/5d4bdee2cf0b3a0f3f336bf7.jpg","5d4bddb2cf0b3a0f3f33583f","Africa","Cameroon","family-337","301","families"
"5d4bef8bcf0b3a0f3f353734","washing-clothes","img","https://media.dollarstreet.org/5d4bef8bcf0b3a0f3f353734/5d4bef8bcf0b3a0f3f353734_2048.jpg","5d4bddc7cf0b3a0f3f33598c","The Americas","Mexico","family-102","1080","families"
"5d4bdf5fcf0b3a0f3f3378b3","washing-clothes","img","https://media.dollarstreet.org/5d4bdf5fcf0b3a0f3f3378b3/5f74647a5fba03b94ebf9aaf3e7eda38/5d4bdf5fcf0b3a0f3f3378b3_2048.JPG","5d4bddb3cf0b3a0f3f335854","The Americas","Canada","family-317","3360","families"
"5d4be666cf0b3a0f3f3439ad","washing-clothes","img","https://media.dollarstreet.org/5d4be666cf0b3a0f3f3439ad/5d4be666cf0b3a0f3f3439ad_2048.JPG","5d4bddbbcf0b3a0f3f3358cd","The Americas","Peru","family-224","102","families"
"5d4bf13bcf0b3a0f3f356338","washing-clothes","img","https://media.dollarstreet.org/5d4bf13bcf0b3a0f3f356338/5d4bf13bcf0b3a0f3f356338.jpg","5d4bddc9cf0b3a0f3f3359a7","Asia","Indonesia","family-49","210.6664995","families"
"5d4bf065cf0b3a0f3f354d94","washing-clothes","img","https://media.dollarstreet.org/5d4bf065cf0b3a0f3f354d94/5d4bf065cf0b3a0f3f354d94.jpg","5d4bddc8cf0b3a0f3f33599c","Asia","Kyrgyzstan","family-68","826.6158097","families"
"5ec4f962f0611d7ddd7416ec","washing-clothes","img","https://media.dollarstreet.org/5ec4f962f0611d7ddd7416ec/5ec4f962f0611d7ddd7416ec_2048.JPG","5ec3d7d6c099baca67d0a4fc","Asia","Iran","family-387","3125","families"
"5f0f36402613b5539dee54e6","visit","img","https://media.dollarstreet.org/5f0f36402613b5539dee54e6/5f0f36402613b5539dee54e6_2048.JPG","5f0f1fcf2613b51a74ee278d","Asia","India","family-375","132","families"
"5ec4fad6f0611d7ddd742314","washing-clothes","img","https://media.dollarstreet.org/5ec4fad6f0611d7ddd742314/5ec4fad6f0611d7ddd742314_2048.jpg","5ec3d7d9c099baca67d0a52a","Africa","Ghana","family-364","375","families"
"5d4be687cf0b3a0f3f343d6f","washing-clothes","img","https://media.dollarstreet.org/5d4be687cf0b3a0f3f343d6f/5d4be687cf0b3a0f3f343d6f_2048.jpg","5d4bddc1cf0b3a0f3f33592b","Europe","Sweden","family-160","1289","families"
"5d4be696cf0b3a0f3f343f33","washing-clothes","img","https://media.dollarstreet.org/5d4be696cf0b3a0f3f343f33/5d4be696cf0b3a0f3f343f33_2048.jpg","5d4bddc2cf0b3a0f3f335936","Europe","Sweden","family-149","3438.64602","families"
"5d4bf11acf0b3a0f3f355fbe","washing-clothes","img","https://media.dollarstreet.org/5d4bf11acf0b3a0f3f355fbe/5d4bf11acf0b3a0f3f355fbe_2048.jpg","5d4bddc8cf0b3a0f3f3359a5","Africa","Cote d'Ivoire","family-47","41.76707666","families"
"5d4bf31acf0b3a0f3f3597ee","washing-clothes","img","https://media.dollarstreet.org/5d4bf31acf0b3a0f3f3597ee/5d4bf31acf0b3a0f3f3597ee_2048.jpg","5d4bddcbcf0b3a0f3f3359d4","Asia","Cambodia","family-21","295.0450471","families"
"5d4bef85cf0b3a0f3f35367c","washing-clothes","img","https://media.dollarstreet.org/5d4bef85cf0b3a0f3f35367c/5d4bef85cf0b3a0f3f35367c.jpg","5d4bddc7cf0b3a0f3f33598b","The Americas","Mexico","family-106","1098.831667","families"
"5ec4f9f5f0611d7ddd741bc6","washing-clothes","img","https://media.dollarstreet.org/5ec4f9f5f0611d7ddd741bc6/5ec4f9f5f0611d7ddd741bc6.jpg","5ec3d7d8c099baca67d0a514","The Americas","Colombia","family-379","3108","families"
"5ec4f87ff0611d7ddd740f54","washing-clothes","img","https://media.dollarstreet.org/5ec4f87ff0611d7ddd740f54/5ec4f87ff0611d7ddd740f54_2048.jpg","5ec3d7d5c099baca67d0a4f1","Asia","Nepal","family-400","123","families"
"5d4bf15ecf0b3a0f3f356670","washing-clothes","img","https://media.dollarstreet.org/5d4bf15ecf0b3a0f3f356670/5d4bf15ecf0b3a0f3f356670.jpg","5d4bddc9cf0b3a0f3f3359ab","Asia","Indonesia","family-46","268","families"
"5d4beb9fcf0b3a0f3f34c90c","washing-clothes","img","https://media.dollarstreet.org/5d4beb9fcf0b3a0f3f34c90c/5d4beb9fcf0b3a0f3f34c90c_2048.jpg","5d4bddc1cf0b3a0f3f33592f","Asia","Lebanon","family-155","832","families"
"5ec4f5bff4a4fb7dc03879b0","washing-clothes","img","https://media.dollarstreet.org/5ec4f5bff4a4fb7dc03879b0/5ec4f5bff4a4fb7dc03879b0_2048.JPG","5ec3d7d2c099baca67d0a4c3","Asia","Sri Lanka","family-428","1964","families"
"5d4bf02fcf0b3a0f3f35484a","washing-clothes","img","https://media.dollarstreet.org/5d4bf02fcf0b3a0f3f35484a/5d4bf02fcf0b3a0f3f35484a_2048.jpg","5d4bddc7cf0b3a0f3f335995","Africa","Malawi","family-73","41.52251373","families"
"5d4bef75cf0b3a0f3f3534a0","washing-clothes","img","https://media.dollarstreet.org/5d4bef75cf0b3a0f3f3534a0/5d4bef75cf0b3a0f3f3534a0_2048.jpg","5d4bddc7cf0b3a0f3f335988","Asia","Nepal","family-90","288.2983576","families"
"5d4be7d6cf0b3a0f3f3461ed","washing-clothes","img","https://media.dollarstreet.org/5d4be7d6cf0b3a0f3f3461ed/5d4be7d6cf0b3a0f3f3461ed_2048.jpg","5d4bddbdcf0b3a0f3f3358f6","Europe","Lithuania","family-190","1258.075651","families"
"5d4bde92cf0b3a0f3f336491","washing-clothes","img","https://media.dollarstreet.org/5d4bde92cf0b3a0f3f336491/5d4bde92cf0b3a0f3f336491_2048.JPG","5d4bddb1cf0b3a0f3f335836","Europe","Netherlands","family-342","3150","families"
"5ec4f7fff0611d7ddd740b01","washing-clothes","img","https://media.dollarstreet.org/5ec4f7fff0611d7ddd740b01/5ec4f7fff0611d7ddd740b01_2048.jpg","5ec3d7d4c099baca67d0a4e6","Asia","Nepal","family-414","136","families"
"5d4bdf07cf0b3a0f3f336fe1","washing-clothes","img","https://media.dollarstreet.org/5d4bdf07cf0b3a0f3f336fe1/5d4bdf07cf0b3a0f3f336fe1_2048.JPG","5d4bddb2cf0b3a0f3f335846","Asia","Indonesia","family-332","293","families"
"5d4be1aacf0b3a0f3f33b70b","washing-clothes","img","https://media.dollarstreet.org/5d4be1aacf0b3a0f3f33b70b/5d4be1aacf0b3a0f3f33b70b_2048.jpg","5d4bddb7cf0b3a0f3f335894","The Americas","Brazil","family-265","1242","families"
"617db5b2e3e8aa4f9b8eef26","visit","img","https://media.dollarstreet.org/617db5b2e3e8aa4f9b8eef26/374dcf19ef82da6684083dff0c962ead/617db5b2e3e8aa4f9b8eef26.jpeg","617db515e3e8aa28688eeee7","The Americas","Colombia","family-445","2916","families"
"5d4bf019cf0b3a0f3f354620","washing-clothes","img","https://media.dollarstreet.org/5d4bf019cf0b3a0f3f354620/8e39a2f1a2c2a90c295f069092934967/5d4bf019cf0b3a0f3f354620_2048.jpg","5d4bddc7cf0b3a0f3f335994","Africa","Malawi","family-110","45.97676132","families"
"5ec4f7daf0611d7ddd7409b9","washing-clothes","img","https://media.dollarstreet.org/5ec4f7daf0611d7ddd7409b9/5ec4f7daf0611d7ddd7409b9_2048.JPG","5ec3d7d4c099baca67d0a4e1","Asia","India","family-418","331","families"
"5d4be7e9cf0b3a0f3f346423","washing-clothes","img","https://media.dollarstreet.org/5d4be7e9cf0b3a0f3f346423/5d4be7e9cf0b3a0f3f346423_2048.jpg","5d4bddbdcf0b3a0f3f3358f8","Asia","China","family-189","840","families"
"5d4bef50cf0b3a0f3f35304e","washing-clothes","img","https://media.dollarstreet.org/5d4bef50cf0b3a0f3f35304e/5d4bef50cf0b3a0f3f35304e.jpg","5d4bddc6cf0b3a0f3f335981","Asia","Nepal","family-94","1747","families"
"5d4bf2d3cf0b3a0f3f358f94","washing-clothes","img","https://media.dollarstreet.org/5d4bf2d3cf0b3a0f3f358f94/5d4bf2d3cf0b3a0f3f358f94_2048.jpg","5d4bddcbcf0b3a0f3f3359cd","Asia","Cambodia","family-35","116.7446439","families"
"5d4bf312cf0b3a0f3f35971c","washing-clothes","img","https://media.dollarstreet.org/5d4bf312cf0b3a0f3f35971c/5d4bf312cf0b3a0f3f35971c_2048.jpg","5d4bddcbcf0b3a0f3f3359d3","Asia","Cambodia","family-19","306.7166772","families"
"5d4bde75cf0b3a0f3f3361ad","washing-clothes","img","https://media.dollarstreet.org/5d4bde75cf0b3a0f3f3361ad/5d4bde75cf0b3a0f3f3361ad_2048.jpg","5d4bddb1cf0b3a0f3f335835","Europe","Serbia","family-343","1522","families"
"5ec4fa65f0611d7ddd741f56","washing-clothes","img","https://media.dollarstreet.org/5ec4fa65f0611d7ddd741f56/5ec4fa65f0611d7ddd741f56_2048.JPG","5ec3d7d8c099baca67d0a51d","Europe","Czech Republic","family-373","2900","families"
"5d4bec41cf0b3a0f3f34d9dc","washing-clothes","img","https://media.dollarstreet.org/5d4bec41cf0b3a0f3f34d9dc/5d4bec41cf0b3a0f3f34d9dc_2048.jpg","5d4bddc2cf0b3a0f3f33593e","Africa","Somalia","family-147","34.5","families"
"5d4bf2e1cf0b3a0f3f35913e","washing-clothes","img","https://media.dollarstreet.org/5d4bf2e1cf0b3a0f3f35913e/5d4bf2e1cf0b3a0f3f35913e_2048.jpg","5d4bddcbcf0b3a0f3f3359cf","Asia","Cambodia","family-32","305.9329282","families"
"5d4be71fcf0b3a0f3f344ef0","washing-clothes","img","https://media.dollarstreet.org/5d4be71fcf0b3a0f3f344ef0/5d4be71fcf0b3a0f3f344ef0.jpg","5d4bddbbcf0b3a0f3f3358d9","Asia","South Korea","family-215","826.7009246","families"
"65455ba7634dcc2a5a6bfba4","visit","img","https://media.dollarstreet.org/65455ba7634dcc2a5a6bfba4/eddc847c68364c2700d5581d0fd3b50e/65455ba7634dcc2a5a6bfba4_2048.jpg","6543ce3956f69df50b991c76","The Americas","Colombia","family-459","2521","families"
"5d4bf2afcf0b3a0f3f358b42","washing-clothes","img","https://media.dollarstreet.org/5d4bf2afcf0b3a0f3f358b42/5d4bf2afcf0b3a0f3f358b42_2048.jpg","5d4bddcbcf0b3a0f3f3359c7","Asia","China","family-42","132.4081255","families"
"5d4bf2a0cf0b3a0f3f358986","washing-clothes","img","https://media.dollarstreet.org/5d4bf2a0cf0b3a0f3f358986/5d4bf2a0cf0b3a0f3f358986_2048.jpg","5d4bddcacf0b3a0f3f3359c4","Asia","China","family-43","315","families"
"5d4bee83cf0b3a0f3f351880","washing-clothes","img","https://media.dollarstreet.org/5d4bee83cf0b3a0f3f351880/5d4bee83cf0b3a0f3f351880_2048.jpg","5d4bddc5cf0b3a0f3f33596b","Asia","Philippines","family-121","865","families"
"5d4be054cf0b3a0f3f33907c","washing-clothes","img","https://media.dollarstreet.org/5d4be054cf0b3a0f3f33907c/5d4be054cf0b3a0f3f33907c.jpg","5d4bddb5cf0b3a0f3f335874","Asia","India","family-288","1742","families"
"5d4bdf75cf0b3a0f3f337adb","washing-clothes","img","https://media.dollarstreet.org/5d4bdf75cf0b3a0f3f337adb/5d4bdf75cf0b3a0f3f337adb.JPG","5d4bddb3cf0b3a0f3f335858","Africa","Tanzania","family-315","32","families"
"5d4bedd0cf0b3a0f3f3504f8","washing-clothes","img","https://media.dollarstreet.org/5d4bedd0cf0b3a0f3f3504f8/5d4bedd0cf0b3a0f3f3504f8_2048.jpg","5d4bddc4cf0b3a0f3f335957","Asia","Thailand","family-137","324.1237722","families"
"5d4be188cf0b3a0f3f33b34f","washing-clothes","img","https://media.dollarstreet.org/5d4be188cf0b3a0f3f33b34f/5d4be188cf0b3a0f3f33b34f_2048.JPG","5d4bddb7cf0b3a0f3f335891","Asia","Sri Lanka","family-263","909","families"
"5f08a6ffb532336e1ab4b5c2","visit","img","https://media.dollarstreet.org/5f08a6ffb532336e1ab4b5c2/5f08a6ffb532336e1ab4b5c2_2048.jpg","5f061b059529eaebfa1c983e","Europe","France","family-427","2724","families"
"5d4bf165cf0b3a0f3f356718","washing-clothes","img","https://media.dollarstreet.org/5d4bf165cf0b3a0f3f356718/5d4bf165cf0b3a0f3f356718.jpg","5d4bddc9cf0b3a0f3f3359ac","Asia","Indonesia","family-63","114.5201406","families"
"5d4bf18acf0b3a0f3f356af0","washing-clothes","img","https://media.dollarstreet.org/5d4bf18acf0b3a0f3f356af0/5d4bf18acf0b3a0f3f356af0.jpg","5d4bddc9cf0b3a0f3f3359b1","Asia","India","family-57","397","families"
"5d4be7f2cf0b3a0f3f346549","washing-clothes","img","https://media.dollarstreet.org/5d4be7f2cf0b3a0f3f346549/5d4be7f2cf0b3a0f3f346549_2048.jpg","5d4bddbdcf0b3a0f3f3358f9","Asia","China","family-192","960","families"
"619d13b714aedc20e55895ea","visit","img","https://media.dollarstreet.org/619d13b714aedc20e55895ea/62d5684b3289a1f03582c1fb6cfea507/619d13b714aedc20e55895ea_2048.jpg","619cfc8014dd31fa22d5816f","The Americas","Colombia","family-441","2380","families"
"6487811888b1aede86143dd5","visit","img","https://media.dollarstreet.org/6487811888b1aede86143dd5/da42fab20834b0c6bac5b09c76e50e64/6487811888b1aede86143dd5_2048.jpg","64874cc088b1aeb89a143b59","Africa","Kenya","ayen","52","families"
"5d4bf170cf0b3a0f3f356802","washing-clothes","img","https://media.dollarstreet.org/5d4bf170cf0b3a0f3f356802/5d4bf170cf0b3a0f3f356802.jpg","5d4bddc9cf0b3a0f3f3359ad","Asia","Indonesia","family-61","399","families"
"5d4be365cf0b3a0f3f33e345","washing-clothes","img","https://media.dollarstreet.org/5d4be365cf0b3a0f3f33e345/5d4be365cf0b3a0f3f33e345.jpg","5d4bddbacf0b3a0f3f3358c0","Asia","India","family-234","963","families"
"5ec4f5cff4a4fb7dc0387a3c","washing-clothes","img","https://media.dollarstreet.org/5ec4f5cff4a4fb7dc0387a3c/5ec4f5cff4a4fb7dc0387a3c_2048.jpg","5ec3d7d2c099baca67d0a4c5","Europe","Russia","family-426","2642","families"
"5d4bef5ccf0b3a0f3f3531bc","washing-clothes","img","https://media.dollarstreet.org/5d4bef5ccf0b3a0f3f3531bc/5d4bef5ccf0b3a0f3f3531bc_2048.jpg","5d4bddc6cf0b3a0f3f335983","Asia","Nepal","family-122","131.5512222","families"
"5d4bedd8cf0b3a0f3f3505e8","washing-clothes","img","https://media.dollarstreet.org/5d4bedd8cf0b3a0f3f3505e8/5d4bedd8cf0b3a0f3f3505e8.jpg","5d4bddc4cf0b3a0f3f335959","Asia","Thailand","family-128","375","families"
"5d4bf14acf0b3a0f3f3564ec","washing-clothes","img","https://media.dollarstreet.org/5d4bf14acf0b3a0f3f3564ec/5d4bf14acf0b3a0f3f3564ec.jpg","5d4bddc9cf0b3a0f3f3359a9","Asia","Indonesia","family-50","1017","families"
"5d4be1d2cf0b3a0f3f33babb","washing-clothes","img","https://media.dollarstreet.org/5d4be1d2cf0b3a0f3f33babb/5d4be1d2cf0b3a0f3f33babb_2048.JPG","5d4bddb8cf0b3a0f3f335899","The Americas","United States","family-258","2347","families"
"5d4bf0e0cf0b3a0f3f355a5c","washing-clothes","img","https://media.dollarstreet.org/5d4bf0e0cf0b3a0f3f355a5c/5d4bf0e0cf0b3a0f3f355a5c_2048.jpg","5d4bddc8cf0b3a0f3f3359a2","Africa","Cote d'Ivoire","family-75","68.11250877","families"
"5d4becf6cf0b3a0f3f34ec4c","washing-clothes","img","https://media.dollarstreet.org/5d4becf6cf0b3a0f3f34ec4c/5d4becf6cf0b3a0f3f34ec4c_2048.jpg","5d4bddc3cf0b3a0f3f335945","Asia","Vietnam","family-138","383.2884364","families"
"5d4bedcccf0b3a0f3f350482","washing-clothes","img","https://media.dollarstreet.org/5d4bedcccf0b3a0f3f350482/5d4bedcccf0b3a0f3f350482_2048.jpg","5d4bddc4cf0b3a0f3f335956","Asia","Thailand","family-130","1045.845783","families"
"5d4bdf99cf0b3a0f3f337e81","washing-clothes","img","https://media.dollarstreet.org/5d4bdf99cf0b3a0f3f337e81/5d4bdf99cf0b3a0f3f337e81_2048.JPG","5d4bddb4cf0b3a0f3f33585c","Europe","Switzerland","family-310","2602","families"
"5d4bec80cf0b3a0f3f34e06c","washing-clothes","img","https://media.dollarstreet.org/5d4bec80cf0b3a0f3f34e06c/5d4bec80cf0b3a0f3f34e06c_2048.jpg","5d4bddc2cf0b3a0f3f335940","Asia","Bangladesh","family-146","124.9655714","families"
"5d4be389cf0b3a0f3f33e767","washing-clothes","img","https://media.dollarstreet.org/5d4be389cf0b3a0f3f33e767/5d4be389cf0b3a0f3f33e767.jpg","5d4bddbacf0b3a0f3f3358c2","Asia","India","family-232","369","families"
"5d4be6fdcf0b3a0f3f344b02","washing-clothes","img","https://media.dollarstreet.org/5d4be6fdcf0b3a0f3f344b02/5d4be6fdcf0b3a0f3f344b02.jpg","5d4bddbbcf0b3a0f3f3358d4","Asia","South Korea","family-217","1032.435097","families"
"5d4be4e6cf0b3a0f3f340ee8","washing-clothes","img","https://media.dollarstreet.org/5d4be4e6cf0b3a0f3f340ee8/5d4be4e6cf0b3a0f3f340ee8_2048.jpg","5d4bddb9cf0b3a0f3f3358b4","The Americas","United States","family-241","2055","families"
"5d4bf0d6cf0b3a0f3f355928","washing-clothes","img","https://media.dollarstreet.org/5d4bf0d6cf0b3a0f3f355928/5d4bf0d6cf0b3a0f3f355928_2048.jpg","5d4bddc8cf0b3a0f3f3359a1","Africa","Cote d'Ivoire","family-77","80.72770904","families"
"5ec4f607f4a4fb7dc0387c2c","washing-clothes","img","https://media.dollarstreet.org/5ec4f607f4a4fb7dc0387c2c/5ec4f607f4a4fb7dc0387c2c_2048.JPG","5ec3d7d3c099baca67d0a4ca","Asia","India","family-423","422","families"
"5eded5f68bd2dd2f143343ff","visit","img","https://media.dollarstreet.org/5eded5f68bd2dd2f143343ff/5eded5f68bd2dd2f143343ff_2048.jpg","5eded0f48bd2dd5547333fc9","Asia","Nepal","family-368","1091","families"
"5d4bdf80cf0b3a0f3f337c0d","washing-clothes","img","https://media.dollarstreet.org/5d4bdf80cf0b3a0f3f337c0d/5d4bdf80cf0b3a0f3f337c0d.jpg","5d4bddb3cf0b3a0f3f335859","Europe","Romania","family-313","2379","families"
"5d4bdf0ccf0b3a0f3f33706b","washing-clothes","img","https://media.dollarstreet.org/5d4bdf0ccf0b3a0f3f33706b/5d4bdf0ccf0b3a0f3f33706b_2048.JPG","5d4bddb2cf0b3a0f3f335845","Asia","Indonesia","family-331","156","families"
"5d4bf2e7cf0b3a0f3f359210","washing-clothes","img","https://media.dollarstreet.org/5d4bf2e7cf0b3a0f3f359210/5d4bf2e7cf0b3a0f3f359210_2048.jpg","5d4bddcbcf0b3a0f3f3359d0","Asia","Cambodia","family-40","436.661451","families"
"5d4bee8ccf0b3a0f3f35198c","drying-clothes","img","https://media.dollarstreet.org/5d4bee8ccf0b3a0f3f35198c/5d4bee8ccf0b3a0f3f35198c.jpg","5d4bddc5cf0b3a0f3f33596c","Asia","Philippines","family-97","1087.215927","families"
"5d4be537cf0b3a0f3f34185c","washing-clothes","img","https://media.dollarstreet.org/5d4be537cf0b3a0f3f34185c/5d4be537cf0b3a0f3f34185c_2048.JPG","5d4bddb9cf0b3a0f3f3358b8","The Americas","United States","family-238","2001","families"
"5d4bf0afcf0b3a0f3f355544","washing-clothes","img","https://media.dollarstreet.org/5d4bf0afcf0b3a0f3f355544/5d4bf0afcf0b3a0f3f355544_2048.jpg","5d4bddc8cf0b3a0f3f3359a0","Africa","Cote d'Ivoire","family-69","82.91518231","families"
"5d4bf288cf0b3a0f3f3586aa","washing-clothes","img","https://media.dollarstreet.org/5d4bf288cf0b3a0f3f3586aa/5d4bf288cf0b3a0f3f3586aa_2048.jpg","5d4bddcacf0b3a0f3f3359bf","Asia","China","family-39","416.2045876","families"
"5d4be733cf0b3a0f3f345042","washing-clothes","img","https://media.dollarstreet.org/5d4be733cf0b3a0f3f345042/5d4be733cf0b3a0f3f345042_2048.jpg","5d4bddbccf0b3a0f3f3358dc","Asia","Pakistan","family-212","1097.552505","families"
"5d4be67dcf0b3a0f3f343c59","washing-clothes","img","https://media.dollarstreet.org/5d4be67dcf0b3a0f3f343c59/5d4be67dcf0b3a0f3f343c59_2048.jpg","5d4bddc1cf0b3a0f3f335931","Europe","Sweden","family-154","2223.069957","families"
"5d4bf08ecf0b3a0f3f3551d2","washing-clothes","img","https://media.dollarstreet.org/5d4bf08ecf0b3a0f3f3551d2/5d4bf08ecf0b3a0f3f3551d2_2048.jpg","5d4bddc8cf0b3a0f3f33599f","Africa","Cote d'Ivoire","family-79","60.75268981","families"
"5d4bedddcf0b3a0f3f350664","washing-clothes","img","https://media.dollarstreet.org/5d4bedddcf0b3a0f3f350664/5d4bedddcf0b3a0f3f350664_2048.jpg","5d4bddc4cf0b3a0f3f33595a","Asia","Thailand","family-127","413.570676","families"
"5d4be158cf0b3a0f3f33ae93","washing-clothes","img","https://media.dollarstreet.org/5d4be158cf0b3a0f3f33ae93/5d4be158cf0b3a0f3f33ae93_2048.jpg","5d4bddb7cf0b3a0f3f33588c","Asia","Pakistan","family-270","1179","families"
"6272e8936dab5f697ce48e90","visit","img","https://media.dollarstreet.org/6272e8936dab5f697ce48e90/6c2230c8982f5ba83ffbf6a54084c689/6272e8936dab5f697ce48e90_2048.jpg","626fcb221a782e5e94368e5b","The Americas","Colombia","echeveri","1919","families"
"5d4bf058cf0b3a0f3f354c40","washing-clothes","img","https://media.dollarstreet.org/5d4bf058cf0b3a0f3f354c40/5d4bf058cf0b3a0f3f354c40_2048.jpg","5d4bddc8cf0b3a0f3f33599a","Africa","Liberia","family-70","87","families"
"5d4be1dfcf0b3a0f3f33bbe9","visit","img","https://media.dollarstreet.org/5d4be1dfcf0b3a0f3f33bbe9/576c125bfd29619a6a29a89e4c15db5b/5d4be1dfcf0b3a0f3f33bbe9_2048.JPG","5d4bddb8cf0b3a0f3f335898","Asia","Mongolia","family-259","420","families"
"5d4bdfcacf0b3a0f3f338308","washing-clothes","img","https://media.dollarstreet.org/5d4bdfcacf0b3a0f3f338308/5d4bdfcacf0b3a0f3f338308_2048.jpg","5d4bddb4cf0b3a0f3f335862","Asia","Pakistan","family-304","1208","families"
"5eed1dd012a02204de8c750d","visit","img","https://media.dollarstreet.org/5eed1dd012a02204de8c750d/5eed1dd012a02204de8c750d_2048.jpg","5eed13f512a022421a8c6e3c","Europe","France","family-430","2118","families"
"5d4bf051cf0b3a0f3f354bc4","washing-clothes","img","https://media.dollarstreet.org/5d4bf051cf0b3a0f3f354bc4/5d4bf051cf0b3a0f3f354bc4_2048.jpg","5d4bddc8cf0b3a0f3f335999","Africa","Liberia","family-74","58","families"
"5d4bdf20cf0b3a0f3f337285","washing-clothes","img","https://media.dollarstreet.org/5d4bdf20cf0b3a0f3f337285/5d4bdf20cf0b3a0f3f337285_2048.JPG","5d4bddb2cf0b3a0f3f335849","Asia","Nepal","family-328","434","families"
"5d4bf28ccf0b3a0f3f358734","washing-clothes","img","https://media.dollarstreet.org/5d4bf28ccf0b3a0f3f358734/5d4bf28ccf0b3a0f3f358734_2048.jpg","5d4bddcacf0b3a0f3f3359c0","Asia","China","family-36","1262.21522","families"
"5d4bef9dcf0b3a0f3f35383a","washing-clothes","img","https://media.dollarstreet.org/5d4bef9dcf0b3a0f3f35383a/5d4bef9dcf0b3a0f3f35383a_2048.jpg","5d4bddc7cf0b3a0f3f33598d","The Americas","Mexico","family-119","1950","families"
"5d4bef18cf0b3a0f3f3529c8","washing-clothes","img","https://media.dollarstreet.org/5d4bef18cf0b3a0f3f3529c8/5d4bef18cf0b3a0f3f3529c8_2048.jpg","5d4bddc6cf0b3a0f3f33597d","Africa","Nigeria","family-117","72","families"
"5d4bf2d9cf0b3a0f3f35905e","washing-clothes","img","https://media.dollarstreet.org/5d4bf2d9cf0b3a0f3f35905e/5d4bf2d9cf0b3a0f3f35905e_2048.jpg","5d4bddcbcf0b3a0f3f3359ce","Asia","Cambodia","family-37","463.1308192","families"
"5d4be0fdcf0b3a0f3f33a3eb","washing-clothes","img","https://media.dollarstreet.org/5d4be0fdcf0b3a0f3f33a3eb/5d4be0fdcf0b3a0f3f33a3eb.JPG","5d4bddb6cf0b3a0f3f335880","Asia","India","family-282","1295","families"
"5d4be69ecf0b3a0f3f344017","washing-clothes","img","https://media.dollarstreet.org/5d4be69ecf0b3a0f3f344017/5d4be69ecf0b3a0f3f344017_2048.jpg","5d4bddcccf0b3a0f3f3359e3","Europe","Sweden","family-8","2074","families"
"5d4be629cf0b3a0f3f3432a5","washing-clothes","img","https://media.dollarstreet.org/5d4be629cf0b3a0f3f3432a5/5d4be629cf0b3a0f3f3432a5_2048.jpg","5d4bddbacf0b3a0f3f3358c5","Africa","South Africa","family-231","90","families"
"5d4bf180cf0b3a0f3f3569e0","washing-clothes","img","https://media.dollarstreet.org/5d4bf180cf0b3a0f3f3569e0/5d4bf180cf0b3a0f3f3569e0_2048.jpg","5d4bddc9cf0b3a0f3f3359b0","Asia","India","family-62","465.5026805","families"
"5d4be653cf0b3a0f3f34378b","washing-clothes","img","https://media.dollarstreet.org/5d4be653cf0b3a0f3f34378b/5d4be653cf0b3a0f3f34378b_2048.JPG","5d4bddbbcf0b3a0f3f3358cb","Asia","China","family-228","1350","families"
"5d4be3e0cf0b3a0f3f33f187","washing-clothes","img","https://media.dollarstreet.org/5d4be3e0cf0b3a0f3f33f187/5d4be3e0cf0b3a0f3f33f187_2048.jpg","5d4bddb8cf0b3a0f3f3358a8","The Americas","United States","family-249","1796","families"
"5d4be22ccf0b3a0f3f33c431","washing-clothes","img","https://media.dollarstreet.org/5d4be22ccf0b3a0f3f33c431/5d4be22ccf0b3a0f3f33c431_2048.jpg","5d4bddb8cf0b3a0f3f33589c","Africa","Kenya","family-256","96","families"
"5d4bf142cf0b3a0f3f356404","washing-clothes","img","https://media.dollarstreet.org/5d4bf142cf0b3a0f3f356404/5d4bf142cf0b3a0f3f356404.jpg","5d4bddc9cf0b3a0f3f3359a8","Asia","Indonesia","family-48","459","families"
"5d4bdff1cf0b3a0f3f338762","washing-clothes","img","https://media.dollarstreet.org/5d4bdff1cf0b3a0f3f338762/5d4bdff1cf0b3a0f3f338762_2048.jpg","5d4bddb4cf0b3a0f3f335865","Asia","Pakistan","family-302","1308","families"
"5d4be402cf0b3a0f3f33f556","washing-clothes","img","https://media.dollarstreet.org/5d4be402cf0b3a0f3f33f556/5d4be402cf0b3a0f3f33f556_2048.JPG","5d4bddb9cf0b3a0f3f3358ab","Europe","United Kingdom","family-246","2010","families"
"5d4bdf6ccf0b3a0f3f3379d3","washing-clothes","img","https://media.dollarstreet.org/5d4bdf6ccf0b3a0f3f3379d3/5d4bdf6ccf0b3a0f3f3379d3.jpg","5d4bddb3cf0b3a0f3f335856","Africa","Tanzania","family-316","68","families"
"5d4bee99cf0b3a0f3f351b06","washing-clothes","img","https://media.dollarstreet.org/5d4bee99cf0b3a0f3f351b06/5d4bee99cf0b3a0f3f351b06_2048.jpg","5d4bddc5cf0b3a0f3f33596d","Asia","Philippines","family-84","501.3805773","families"
"5d4bf2efcf0b3a0f3f3592fe","washing-clothes","img","https://media.dollarstreet.org/5d4bf2efcf0b3a0f3f3592fe/5d4bf2efcf0b3a0f3f3592fe_2048.jpg","5d4bddcbcf0b3a0f3f3359d1","Asia","Cambodia","family-41","1521.763416","families"
"6269f3f42a431b343b2c5f66","visit","img","https://media.dollarstreet.org/6269f3f42a431b343b2c5f66/9482fcd794d81a42d2cb1c44f5403731/6269f3f42a431b343b2c5f66_2048.jpg","62696abaa4c7d85f2ad5e5c9","The Americas","Colombia","family-447","1749","families"
"5d4bf05ccf0b3a0f3f354ca4","washing-clothes","img","https://media.dollarstreet.org/5d4bf05ccf0b3a0f3f354ca4/5d4bf05ccf0b3a0f3f354ca4_2048.jpg","5d4bddc8cf0b3a0f3f33599b","Africa","Liberia","family-72","116","families"
"5d4be2dbcf0b3a0f3f33d671","washing-clothes","img","https://media.dollarstreet.org/5d4be2dbcf0b3a0f3f33d671/5d4be2dbcf0b3a0f3f33d671.jpg","5d4bddbacf0b3a0f3f3358bc","Asia","India","family-236","504","families"
"5d4be7fccf0b3a0f3f346665","washing-clothes","img","https://media.dollarstreet.org/5d4be7fccf0b3a0f3f346665/5d4be7fccf0b3a0f3f346665_2048.jpg","5d4bddbecf0b3a0f3f3358fc","Asia","China","family-183","1546.213644","families"
"5d4be40bcf0b3a0f3f33f668","washing-clothes","img","https://media.dollarstreet.org/5d4be40bcf0b3a0f3f33f668/5d4be40bcf0b3a0f3f33f668_2048.JPG","5d4bddb9cf0b3a0f3f3358ac","Europe","United Kingdom","family-245","1890","families"
"5d4bef45cf0b3a0f3f352f00","washing-clothes","img","https://media.dollarstreet.org/5d4bef45cf0b3a0f3f352f00/5d4bef45cf0b3a0f3f352f00_2048.jpg","5d4bddc6cf0b3a0f3f335980","Africa","Nigeria","family-98","124.2390709","families"
"5d4be1abcf0b3a0f3f33b72b","washing-clothes","img","https://media.dollarstreet.org/5d4be1abcf0b3a0f3f33b72b/5d4be1abcf0b3a0f3f33b72b_2048.jpg","5d4bddb7cf0b3a0f3f335895","Asia","Pakistan","family-262","510","families"
"5d4be06dcf0b3a0f3f33935a","washing-clothes","img","https://media.dollarstreet.org/5d4be06dcf0b3a0f3f33935a/5d4be06dcf0b3a0f3f33935a_2048.JPG","5d4bddb7cf0b3a0f3f33588a","Asia","India","family-274","1569","families"
"5d4bdea4cf0b3a0f3f336637","washing-clothes","img","https://media.dollarstreet.org/5d4bdea4cf0b3a0f3f336637/5d4bdea4cf0b3a0f3f336637_2048.jpg","5d4bddb1cf0b3a0f3f335837","Europe","Serbia","family-341","1838","families"
"62afaec1141a2b8ab52c491c","visit","img","https://media.dollarstreet.org/62afaec1141a2b8ab52c491c/4b35b7f0097ec2e15254ad188c63f1f4/62afaec1141a2b8ab52c491c_2048.jpg","62977c8e9d1d3c9df0de2a8f","Africa","Kenya","family-403","158","families"
"5d4bf135cf0b3a0f3f35627e","washing-clothes","img","https://media.dollarstreet.org/5d4bf135cf0b3a0f3f35627e/5d4bf135cf0b3a0f3f35627e.jpg","5d4bddc8cf0b3a0f3f3359a6","Asia","Indonesia","family-54","564.997748","families"
"5d4bf179cf0b3a0f3f35690a","washing-clothes","img","https://media.dollarstreet.org/5d4bf179cf0b3a0f3f35690a/5d4bf179cf0b3a0f3f35690a.jpg","5d4bddc9cf0b3a0f3f3359ae","Asia","India","family-60","1614","families"
"5d4be0c9cf0b3a0f3f339de1","washing-clothes","img","https://media.dollarstreet.org/5d4be0c9cf0b3a0f3f339de1/5d4be0c9cf0b3a0f3f339de1_2048.JPG","5d4bddb5cf0b3a0f3f335877","Europe","Netherlands","family-284","1737","families"
